"id";"questionnaire_id";"question";"type";"famille";"created_at";"updated_at";"code";"secteur_id"
"176";"1";"J'aime bien bricoler ou assembler des choses.";"Multicheck";"Interets";"2023-09-13 16:03:45";"2023-09-13 16:03:45";"R";NULL
"177";"1";"La science et la recherche m'intéressent beaucoup.";"Multicheck";"Interets";"2023-09-13 16:03:45";"2023-09-13 16:03:45";"I";NULL
"178";"1";"Je trouve du plaisir à dessiner ou à créer des choses.";"Multicheck";"Interets";"2023-09-13 16:03:45";"2023-09-13 16:03:45";"A";NULL
"179";"1";"J'aime discuter et conseiller mes amis quand ils ont des problèmes.";"Multicheck";"Interets";"2023-09-13 16:03:45";"2023-09-13 16:03:45";"S";NULL
"180";"1";"Dans un groupe, je prends souvent le rôle de leader.";"Multicheck";"Interets";"2023-09-13 16:03:45";"2023-09-13 16:03:45";"E";NULL
"181";"1";"Organiser et planifier des tâches est quelque chose que je fais bien.";"Multicheck";"Interets";"2023-09-13 16:03:45";"2023-09-13 16:03:45";"C";NULL
"182";"1";"Travailler avec des outils ou des machines m'attire.";"Multicheck";"Interets";"2023-09-13 16:03:45";"2023-09-13 16:03:45";"R";NULL
"183";"1";"Les énigmes et les puzzles me passionnent.";"Multicheck";"Interets";"2023-09-13 16:03:45";"2023-09-13 16:03:45";"I";NULL
"184";"1";"Je suis souvent inspiré par la musique et l'art.";"Multicheck";"Interets";"2023-09-13 16:03:45";"2023-09-13 16:03:45";"A";NULL
"185";"1";"J'aime participer à des activités de groupe ou communautaires.";"Multicheck";"Interets";"2023-09-13 16:03:45";"2023-09-13 16:03:45";"S";NULL
"186";"1";"Je me sens à l'aise de prendre des décisions pour un groupe.";"Multicheck";"Interets";"2023-09-13 16:03:45";"2023-09-13 16:03:45";"E";NULL
"187";"1";"Je suis minutieux et j'accorde de l'importance aux détails.";"Multicheck";"Interets";"2023-09-13 16:03:45";"2023-09-13 16:03:45";"C";NULL
"188";"1";"Les travaux manuels, comme le jardinage ou la menuiserie, m'intéressent.";"Multicheck";"Interets";"2023-09-13 16:03:45";"2023-09-13 16:03:45";"R";NULL
"189";"1";"Je suis toujours curieux d'apprendre de nouvelles choses.";"Multicheck";"Interets";"2023-09-13 16:03:45";"2023-09-13 16:03:45";"I";NULL
"190";"1";"Exprimer mes sentiments à travers l'art me plaît.";"Multicheck";"Interets";"2023-09-13 16:03:45";"2023-09-13 16:03:45";"A";NULL
"191";"1";"J'apprécie le temps passé à aider ou enseigner aux autres.";"Multicheck";"Interets";"2023-09-13 16:03:45";"2023-09-13 16:03:45";"S";NULL
"192";"1";"J'aime les défis et la compétition.";"Multicheck";"Interets";"2023-09-13 16:03:45";"2023-09-13 16:03:45";"E";NULL
"193";"1";"Je préfère travailler dans un environnement structuré et organisé.";"Multicheck";"Interets";"2023-09-13 16:03:45";"2023-09-13 16:03:45";"C";NULL
"194";"1";"Construire ou réparer des choses m'apporte de la satisfaction.";"Multicheck";"Interets";"2023-09-13 16:03:45";"2023-09-13 16:03:45";"R";NULL
"195";"1";"J'aime poser des questions et explorer des idées nouvelles.";"Multicheck";"Interets";"2023-09-13 16:03:45";"2023-09-13 16:03:45";"I";NULL
"196";"1";"Mécanicien";"Multicheck";"Metiers";"2023-09-13 16:03:45";"2023-09-13 16:03:45";"R";NULL
"197";"1";"Chercheur en biologie";"Multicheck";"Metiers";"2023-09-13 16:03:45";"2023-09-13 16:03:45";"I";NULL
"198";"1";"Designer graphique";"Multicheck";"Metiers";"2023-09-13 16:03:45";"2023-09-13 16:03:45";"A";NULL
"199";"1";"Conseiller d'orientation";"Multicheck";"Metiers";"2023-09-13 16:03:45";"2023-09-13 16:03:45";"S";NULL
"200";"1";"Chef d'entreprise";"Multicheck";"Metiers";"2023-09-13 16:03:45";"2023-09-13 16:03:45";"E";NULL
"201";"1";"Comptable";"Multicheck";"Metiers";"2023-09-13 16:03:45";"2023-09-13 16:03:45";"C";NULL
"202";"1";"Électricien";"Multicheck";"Metiers";"2023-09-13 16:03:45";"2023-09-13 16:03:45";"R";NULL
"203";"1";"Technicien de laboratoire";"Multicheck";"Metiers";"2023-09-13 16:03:45";"2023-09-13 16:03:45";"I";NULL
"204";"1";"Musicien";"Multicheck";"Metiers";"2023-09-13 16:03:45";"2023-09-13 16:03:45";"A";NULL
"205";"1";"Infirmier";"Multicheck";"Metiers";"2023-09-13 16:03:45";"2023-09-13 16:03:45";"S";NULL
"206";"1";"Responsable de marketing";"Multicheck";"Metiers";"2023-09-13 16:03:45";"2023-09-13 16:03:45";"E";NULL
"207";"1";"Secrétaire administratif";"Multicheck";"Metiers";"2023-09-13 16:03:45";"2023-09-13 16:03:45";"C";NULL
"208";"1";"Agriculteur";"Multicheck";"Metiers";"2023-09-13 16:03:45";"2023-09-13 16:03:45";"R";NULL
"209";"1";"Développeur informatique";"Multicheck";"Metiers";"2023-09-13 16:03:45";"2023-09-13 16:03:45";"I";NULL
"210";"1";"Photographe";"Multicheck";"Metiers";"2023-09-13 16:03:45";"2023-09-13 16:03:45";"A";NULL
"211";"1";"Éducateur spécialisé";"Multicheck";"Metiers";"2023-09-13 16:03:45";"2023-09-13 16:03:45";"S";NULL
"212";"1";"Manager de vente";"Multicheck";"Metiers";"2023-09-13 16:03:45";"2023-09-13 16:03:45";"E";NULL
"213";"1";"Coordinateur d'événements";"Multicheck";"Metiers";"2023-09-13 16:03:45";"2023-09-13 16:03:45";"C";NULL
"214";"1";"Technicien en construction";"Multicheck";"Metiers";"2023-09-13 16:03:45";"2023-09-13 16:03:45";"R";NULL
"215";"1";"Analyste environnemental";"Multicheck";"Metiers";"2023-09-13 16:03:45";"2023-09-13 16:03:45";"I";NULL
"216";"1";"Je suis doué pour réparer des objets cassés.";"Radio";"Competences";"2023-09-13 16:03:45";"2023-09-13 16:03:45";"R";NULL
"217";"1";"J'aime résoudre des énigmes ou des problèmes scientifiques.";"Radio";"Competences";"2023-09-13 16:03:45";"2023-09-13 16:03:45";"I";NULL
"218";"1";"Je peux facilement imaginer des designs ou dessins originaux.";"Radio";"Competences";"2023-09-13 16:03:45";"2023-09-13 16:03:45";"A";NULL
"219";"1";"J'ai la capacité d'écouter et comprendre les préoccupations des autres.";"Radio";"Competences";"2023-09-13 16:03:45";"2023-09-13 16:03:45";"S";NULL
"220";"1";"Je prends souvent l'initiative dans un groupe pour diriger.";"Radio";"Competences";"2023-09-13 16:03:45";"2023-09-13 16:03:45";"E";NULL
"221";"1";"Je suis très organisé et j'aime planifier à l'avance.";"Radio";"Competences";"2023-09-13 16:03:45";"2023-09-13 16:03:45";"C";NULL
"222";"1";"Je suis habile de mes mains et j'aime bien bricoler.";"Radio";"Competences";"2023-09-13 16:03:45";"2023-09-13 16:03:45";"R";NULL
"223";"1";"La recherche et l'expérimentation me passionnent.";"Radio";"Competences";"2023-09-13 16:03:45";"2023-09-13 16:03:45";"I";NULL
"224";"1";"L'art et la musique me permettent de m'exprimer.";"Radio";"Competences";"2023-09-13 16:03:45";"2023-09-13 16:03:45";"A";NULL
"225";"1";"Je trouve du plaisir à aider et conseiller les autres.";"Radio";"Competences";"2023-09-13 16:03:45";"2023-09-13 16:03:45";"S";NULL
"226";"1";"Je sais motiver les gens autour de moi pour atteindre un objectif.";"Radio";"Competences";"2023-09-13 16:03:45";"2023-09-13 16:03:45";"E";NULL
"227";"1";"Je respecte toujours les délais et suis ponctuel.";"Radio";"Competences";"2023-09-13 16:03:45";"2023-09-13 16:03:45";"C";NULL
"228";"1";"J'ai un bon sens de l'orientation et je peux facilement assembler des choses.";"Radio";"Competences";"2023-09-13 16:03:45";"2023-09-13 16:03:45";"R";NULL
"229";"1";"Je pose souvent des questions pour mieux comprendre un sujet.";"Radio";"Competences";"2023-09-13 16:03:45";"2023-09-13 16:03:45";"I";NULL
"230";"1";"Je peux passer des heures à peaufiner un travail créatif.";"Radio";"Competences";"2023-09-13 16:03:45";"2023-09-13 16:03:45";"A";NULL
"231";"1";"Je me sens à l'aise lors de discussions en groupe.";"Radio";"Competences";"2023-09-13 16:03:45";"2023-09-13 16:03:45";"S";NULL
"232";"1";"Face à un défi, je suis déterminé à le surmonter.";"Radio";"Competences";"2023-09-13 16:03:45";"2023-09-13 16:03:45";"E";NULL
"233";"1";"Je tiens toujours mes affaires en ordre et j'aime que tout soit rangé.";"Radio";"Competences";"2023-09-13 16:03:45";"2023-09-13 16:03:45";"C";NULL
"234";"1";"Je trouve satisfaction dans le travail manuel.";"Radio";"Competences";"2023-09-13 16:03:45";"2023-09-13 16:03:45";"R";NULL
"235";"1";"Je suis curieux et j'aime découvrir de nouvelles informations.";"Radio";"Competences";"2023-09-13 16:03:45";"2023-09-13 16:03:45";"I";NULL
"236";"1";"J'aime suivre des routines et éviter les surprises.";"Multicheck";"Personnalite";"2023-09-13 16:03:45";"2023-09-13 16:03:45";"R";NULL
"237";"1";"Je suis souvent perdu dans mes pensées et aime réfléchir profondément.";"Multicheck";"Personnalite";"2023-09-13 16:03:45";"2023-09-13 16:03:45";"I";NULL
"238";"1";"Je suis sensible et suis souvent touché par les arts.";"Multicheck";"Personnalite";"2023-09-13 16:03:45";"2023-09-13 16:03:45";"A";NULL
"239";"1";"Je préfère travailler en équipe plutôt que seul.";"Multicheck";"Personnalite";"2023-09-13 16:03:45";"2023-09-13 16:03:45";"S";NULL
"240";"1";"Je n'ai pas peur de prendre des risques pour atteindre mes objectifs.";"Multicheck";"Personnalite";"2023-09-13 16:03:45";"2023-09-13 16:03:45";"E";NULL
"241";"1";"Je suis toujours organisé et j'aime que les choses soient en ordre.";"Multicheck";"Personnalite";"2023-09-13 16:03:45";"2023-09-13 16:03:45";"C";NULL
"242";"1";"Je suis souvent qualifié de ""terre à terre"" par mes amis.";"Multicheck";"Personnalite";"2023-09-13 16:03:45";"2023-09-13 16:03:45";"R";NULL
"243";"1";"J'aime poser des questions sur le monde qui m'entoure.";"Multicheck";"Personnalite";"2023-09-13 16:03:45";"2023-09-13 16:03:45";"I";NULL
"244";"1";"J'exprime souvent mes sentiments et mes émotions.";"Multicheck";"Personnalite";"2023-09-13 16:03:45";"2023-09-13 16:03:45";"A";NULL
"245";"1";"Je suis quelqu'un de fiable et les gens viennent souvent me demander de l'aide.";"Multicheck";"Personnalite";"2023-09-13 16:03:45";"2023-09-13 16:03:45";"S";NULL
"246";"1";"Je suis compétitif et j'aime relever des défis.";"Multicheck";"Personnalite";"2023-09-13 16:03:45";"2023-09-13 16:03:45";"E";NULL
"247";"1";"Je préfère suivre les règles et les instructions clairement établies.";"Multicheck";"Personnalite";"2023-09-13 16:03:45";"2023-09-13 16:03:45";"C";NULL
"248";"1";"Je suis pragmatique dans mes décisions.";"Multicheck";"Personnalite";"2023-09-13 16:03:45";"2023-09-13 16:03:45";"R";NULL
"249";"1";"J'adore apprendre de nouveaux sujets, surtout si c'est complexe.";"Multicheck";"Personnalite";"2023-09-13 16:03:45";"2023-09-13 16:03:45";"I";NULL
"250";"1";"Je suis créatif et j'aime imaginer de nouvelles idées.";"Multicheck";"Personnalite";"2023-09-13 16:03:45";"2023-09-13 16:03:45";"A";NULL
"251";"1";"Je fais toujours de mon mieux pour comprendre les sentiments des autres.";"Multicheck";"Personnalite";"2023-09-13 16:03:45";"2023-09-13 16:03:45";"S";NULL
"252";"1";"J'aime être le leader dans les groupes ou les projets.";"Multicheck";"Personnalite";"2023-09-13 16:03:45";"2023-09-13 16:03:45";"E";NULL
"253";"1";"Je fais toujours des plans et j'aime respecter les horaires.";"Multicheck";"Personnalite";"2023-09-13 16:03:45";"2023-09-13 16:03:45";"C";NULL
"254";NULL;"Je suis doué pour négocier des offres.";"Multicheck";NULL;"2023-09-17 00:18:51";"2023-09-17 00:18:51";NULL;"29"
"255";NULL;"J'aime chercher et comparer des produits.";"Multicheck";NULL;"2023-09-17 00:18:51";"2023-09-17 00:18:51";NULL;"29"
"256";NULL;"Les discussions sur les contrats m'enthousiasment.";"Multicheck";NULL;"2023-09-17 00:18:51";"2023-09-17 00:18:51";NULL;"29"
"257";NULL;"Je m'intéresse à la chaîne d'approvisionnement.";"Multicheck";NULL;"2023-09-17 00:18:51";"2023-09-17 00:18:51";NULL;"29"
"258";NULL;"Je suis attentif aux détails lorsqu'il s'agit de passer des commandes.";"Multicheck";NULL;"2023-09-17 00:18:51";"2023-09-17 00:18:51";NULL;"29"
"259";NULL;"Je suis capable de prévoir les besoins futurs en matière d'achat.";"Multicheck";NULL;"2023-09-17 00:18:51";"2023-09-17 00:18:51";NULL;"29"
"260";NULL;"J'aime établir des relations avec les fournisseurs.";"Multicheck";NULL;"2023-09-17 00:18:51";"2023-09-17 00:18:51";NULL;"29"
"261";NULL;"Je cherche toujours à optimiser les coûts.";"Multicheck";NULL;"2023-09-17 00:18:51";"2023-09-17 00:18:51";NULL;"29"
"262";NULL;"Je peux rapidement identifier les produits de qualité.";"Multicheck";NULL;"2023-09-17 00:18:51";"2023-09-17 00:18:51";NULL;"29"
"263";NULL;"Je préfère acheter en gros pour économiser.";"Multicheck";NULL;"2023-09-17 00:18:51";"2023-09-17 00:18:51";NULL;"29"
"264";NULL;"Je suis toujours à l'affût des nouvelles tendances du marché.";"Multicheck";NULL;"2023-09-17 00:18:51";"2023-09-17 00:18:51";NULL;"29"
"265";NULL;"Je sais comment gérer les relations avec les fournisseurs difficiles.";"Multicheck";NULL;"2023-09-17 00:18:51";"2023-09-17 00:18:51";NULL;"29"
"266";NULL;"Je comprends l'importance des délais de livraison.";"Multicheck";NULL;"2023-09-17 00:18:51";"2023-09-17 00:18:51";NULL;"29"
"267";NULL;"J'analyse souvent le rapport qualité-prix.";"Multicheck";NULL;"2023-09-17 00:18:51";"2023-09-17 00:18:51";NULL;"29"
"268";NULL;"Je suis organisé et peux gérer plusieurs commandes à la fois.";"Multicheck";NULL;"2023-09-17 00:18:51";"2023-09-17 00:18:51";NULL;"29"
"269";NULL;"Je suis doué pour anticiper les besoins des clients.";"Multicheck";NULL;"2023-09-17 00:18:51";"2023-09-17 00:18:51";NULL;"29"
"270";NULL;"J'aime travailler dans un environnement où les choses évoluent rapidement.";"Multicheck";NULL;"2023-09-17 00:18:51";"2023-09-17 00:18:51";NULL;"29"
"271";NULL;"Je sais comment gérer les urgences et les pénuries.";"Multicheck";NULL;"2023-09-17 00:18:51";"2023-09-17 00:18:51";NULL;"29"
"272";NULL;"Je suis bon pour résoudre les conflits avec les fournisseurs.";"Multicheck";NULL;"2023-09-17 00:18:51";"2023-09-17 00:18:51";NULL;"29"
"273";NULL;"Je m'intéresse aux techniques d'approvisionnement durable.";"Multicheck";NULL;"2023-09-17 00:18:51";"2023-09-17 00:18:51";NULL;"29"
"274";NULL;"J'apprécie la beauté et l'esthétique des choses.";"Multicheck";NULL;"2023-09-17 00:18:51";"2023-09-17 00:18:51";NULL;"30"
"275";NULL;"Je m'exprime facilement à travers des œuvres d'art.";"Multicheck";NULL;"2023-09-17 00:18:51";"2023-09-17 00:18:51";NULL;"30"
"276";NULL;"La création artistique est une véritable passion pour moi.";"Multicheck";NULL;"2023-09-17 00:18:51";"2023-09-17 00:18:51";NULL;"30"
"277";NULL;"Je suis souvent inspiré par mon environnement.";"Multicheck";NULL;"2023-09-17 00:18:51";"2023-09-17 00:18:51";NULL;"30"
"278";NULL;"Je préfère passer mon temps à créer quelque chose de beau.";"Multicheck";NULL;"2023-09-17 00:18:51";"2023-09-17 00:18:51";NULL;"30"
"279";NULL;"J'aime visiter des musées et des galeries d'art.";"Multicheck";NULL;"2023-09-17 00:18:51";"2023-09-17 00:18:51";NULL;"30"
"280";NULL;"Je suis constamment à la recherche de nouvelles techniques artistiques.";"Multicheck";NULL;"2023-09-17 00:18:51";"2023-09-17 00:18:51";NULL;"30"
"281";NULL;"Je suis critique envers les œuvres d'art et peux discerner les détails.";"Multicheck";NULL;"2023-09-17 00:18:51";"2023-09-17 00:18:51";NULL;"30"
"282";NULL;"Je suis sensible aux couleurs et aux formes.";"Multicheck";NULL;"2023-09-17 00:18:51";"2023-09-17 00:18:51";NULL;"30"
"283";NULL;"Je me tiens au courant des tendances actuelles en matière de design.";"Multicheck";NULL;"2023-09-17 00:18:51";"2023-09-17 00:18:51";NULL;"30"
"284";NULL;"Je m'intéresse à l'histoire de l'art.";"Multicheck";NULL;"2023-09-17 00:18:51";"2023-09-17 00:18:51";NULL;"30"
"285";NULL;"J'aime collaborer avec d'autres artistes ou designers.";"Multicheck";NULL;"2023-09-17 00:18:51";"2023-09-17 00:18:51";NULL;"30"
"286";NULL;"Je suis méticuleux dans mon travail.";"Multicheck";NULL;"2023-09-17 00:18:51";"2023-09-17 00:18:51";NULL;"30"
"287";NULL;"J'ai souvent une vision claire de ce que je veux créer.";"Multicheck";NULL;"2023-09-17 00:18:51";"2023-09-17 00:18:51";NULL;"30"
"288";NULL;"Je suis capable de reproduire des images avec précision.";"Multicheck";NULL;"2023-09-17 00:18:51";"2023-09-17 00:18:51";NULL;"30"
"289";NULL;"Je m'intéresse à différents médiums artistiques.";"Multicheck";NULL;"2023-09-17 00:18:51";"2023-09-17 00:18:51";NULL;"30"
"290";NULL;"Je suis bon pour donner vie à des idées.";"Multicheck";NULL;"2023-09-17 00:18:51";"2023-09-17 00:18:51";NULL;"30"
"291";NULL;"Je suis souvent complimenté pour mon sens du style.";"Multicheck";NULL;"2023-09-17 00:18:51";"2023-09-17 00:18:51";NULL;"30"
"292";NULL;"J'aime transformer un espace ou un objet ordinaire en quelque chose d'extraordinaire.";"Multicheck";NULL;"2023-09-17 00:18:51";"2023-09-17 00:18:51";NULL;"30"
"293";NULL;"La création artistique est une source d'évasion pour moi.";"Multicheck";NULL;"2023-09-17 00:18:51";"2023-09-17 00:18:51";NULL;"30"
"294";NULL;"J'ai confiance dans la gestion de l'argent.";"Multicheck";NULL;"2023-09-17 00:18:51";"2023-09-17 00:18:51";NULL;"31"
"295";NULL;"Je m'intéresse aux sujets financiers et économiques.";"Multicheck";NULL;"2023-09-17 00:18:51";"2023-09-17 00:18:51";NULL;"31"
"296";NULL;"Je suis méthodique et organisé quand il s'agit de finances.";"Multicheck";NULL;"2023-09-17 00:18:51";"2023-09-17 00:18:51";NULL;"31"
"297";NULL;"Je suis bon pour donner des conseils financiers.";"Multicheck";NULL;"2023-09-17 00:18:51";"2023-09-17 00:18:51";NULL;"31"
"298";NULL;"Je m'intéresse aux marchés financiers et à leurs tendances.";"Multicheck";NULL;"2023-09-17 00:18:51";"2023-09-17 00:18:51";NULL;"31"
"299";NULL;"Je suis attentif aux détails, surtout quand il s'agit d'argent.";"Multicheck";NULL;"2023-09-17 00:18:51";"2023-09-17 00:18:51";NULL;"31"
"300";NULL;"J'aime aider les gens à atteindre leurs objectifs financiers.";"Multicheck";NULL;"2023-09-17 00:18:51";"2023-09-17 00:18:51";NULL;"31"
"301";NULL;"Je suis toujours à la recherche d'opportunités d'investissement.";"Multicheck";NULL;"2023-09-17 00:18:51";"2023-09-17 00:18:51";NULL;"31"
"302";NULL;"Je comprends les risques associés aux décisions financières.";"Multicheck";NULL;"2023-09-17 00:18:51";"2023-09-17 00:18:51";NULL;"31"
"303";NULL;"Je suis capable de lire et d'interpréter des rapports financiers.";"Multicheck";NULL;"2023-09-17 00:18:51";"2023-09-17 00:18:51";NULL;"31"
"304";NULL;"Je me tiens constamment informé des nouvelles lois financières ou fiscales.";"Multicheck";NULL;"2023-09-17 00:18:51";"2023-09-17 00:18:51";NULL;"31"
"305";NULL;"Je suis bon pour équilibrer un budget.";"Multicheck";NULL;"2023-09-17 00:18:51";"2023-09-17 00:18:51";NULL;"31"
"306";NULL;"Je sais comment évaluer la valeur d'un investissement.";"Multicheck";NULL;"2023-09-17 00:18:51";"2023-09-17 00:18:51";NULL;"31"
"307";NULL;"Je m'intéresse aux stratégies d'épargne à long terme.";"Multicheck";NULL;"2023-09-17 00:18:51";"2023-09-17 00:18:51";NULL;"31"
"308";NULL;"Je peux expliquer des concepts financiers complexes de manière simple.";"Multicheck";NULL;"2023-09-17 00:18:51";"2023-09-17 00:18:51";NULL;"31"
"309";NULL;"Je suis habile à utiliser des logiciels financiers.";"Multicheck";NULL;"2023-09-17 00:18:51";"2023-09-17 00:18:51";NULL;"31"
"310";NULL;"J'ai un bon jugement quand il s'agit de prendre des décisions financières.";"Multicheck";NULL;"2023-09-17 00:18:51";"2023-09-17 00:18:51";NULL;"31"
"311";NULL;"Je sais comment protéger mon argent et mes investissements.";"Multicheck";NULL;"2023-09-17 00:18:51";"2023-09-17 00:18:51";NULL;"31"
"312";NULL;"J'aime résoudre des problèmes financiers complexes.";"Multicheck";NULL;"2023-09-17 00:18:51";"2023-09-17 00:18:51";NULL;"31"
"313";NULL;"J'ai une bonne éthique professionnelle et je suis digne de confiance avec les finances.";"Multicheck";NULL;"2023-09-17 00:18:51";"2023-09-17 00:18:51";NULL;"31"
"314";NULL;"Je suis fasciné par le monde vivant et la biologie.";"Multicheck";NULL;"2023-09-17 00:18:51";"2023-09-17 00:18:51";NULL;"32"
"315";NULL;"J'aimerais travailler dans un laboratoire de recherche.";"Multicheck";NULL;"2023-09-17 00:18:51";"2023-09-17 00:18:51";NULL;"32"
"316";NULL;"L'idée de développer de nouveaux produits alimentaires m'attire.";"Multicheck";NULL;"2023-09-17 00:18:51";"2023-09-17 00:18:51";NULL;"32"
"317";NULL;"Je suis curieux des innovations en matière d'agriculture.";"Multicheck";NULL;"2023-09-17 00:18:51";"2023-09-17 00:18:51";NULL;"32"
"318";NULL;"J'apprécie la précision dans les expériences scientifiques.";"Multicheck";NULL;"2023-09-17 00:18:51";"2023-09-17 00:18:51";NULL;"32"
"319";NULL;"J'aime explorer les relations entre l'homme et la nature.";"Multicheck";NULL;"2023-09-17 00:18:51";"2023-09-17 00:18:51";NULL;"32"
"320";NULL;"Je suis préoccupé par la qualité de notre nourriture.";"Multicheck";NULL;"2023-09-17 00:18:51";"2023-09-17 00:18:51";NULL;"32"
"321";NULL;"J'aimerais contribuer à des solutions pour une alimentation durable.";"Multicheck";NULL;"2023-09-17 00:18:51";"2023-09-17 00:18:51";NULL;"32"
"322";NULL;"J'apprécie de travailler en équipe sur des projets de recherche.";"Multicheck";NULL;"2023-09-17 00:18:51";"2023-09-17 00:18:51";NULL;"32"
"323";NULL;"Je m'intéresse à l'impact des produits chimiques sur notre santé.";"Multicheck";NULL;"2023-09-17 00:18:51";"2023-09-17 00:18:51";NULL;"32"
"324";NULL;"Je suis attiré par la génétique et ses possibilités.";"Multicheck";NULL;"2023-09-17 00:18:51";"2023-09-17 00:18:51";NULL;"32"
"325";NULL;"L'idée de travailler avec des échantillons biologiques m'enthousiasme.";"Multicheck";NULL;"2023-09-17 00:18:51";"2023-09-17 00:18:51";NULL;"32"
"326";NULL;"J'ai une bonne capacité à documenter et à suivre les procédures.";"Multicheck";NULL;"2023-09-17 00:18:51";"2023-09-17 00:18:51";NULL;"32"
"327";NULL;"J'aime être à la pointe de la technologie en biologie.";"Multicheck";NULL;"2023-09-17 00:18:51";"2023-09-17 00:18:51";NULL;"32"
"328";NULL;"Je suis attentif aux détails, surtout dans les expériences.";"Multicheck";NULL;"2023-09-17 00:18:51";"2023-09-17 00:18:51";NULL;"32"
"329";NULL;"Je m'intéresse aux solutions pour améliorer la santé des plantes et des animaux.";"Multicheck";NULL;"2023-09-17 00:18:51";"2023-09-17 00:18:51";NULL;"32"
"330";NULL;"J'ai le désir de comprendre le fonctionnement interne des organismes.";"Multicheck";NULL;"2023-09-17 00:18:51";"2023-09-17 00:18:51";NULL;"32"
"331";NULL;"Je suis préoccupé par les problèmes environnementaux.";"Multicheck";NULL;"2023-09-17 00:18:51";"2023-09-17 00:18:51";NULL;"32"
"332";NULL;"Je m'intéresse aux biotechnologies et à leurs applications.";"Multicheck";NULL;"2023-09-17 00:18:51";"2023-09-17 00:18:51";NULL;"32"
"333";NULL;"J'aimerais contribuer à la découverte de nouveaux médicaments ou traitements.";"Multicheck";NULL;"2023-09-17 00:18:51";"2023-09-17 00:18:51";NULL;"32"
"334";NULL;"Je suis attiré par le monde de la construction et du génie civil.";"Multicheck";NULL;"2023-09-17 00:18:51";"2023-09-17 00:18:51";NULL;"33"
"335";NULL;"J'apprécie de voir les projets se concrétiser physiquement.";"Multicheck";NULL;"2023-09-17 00:18:51";"2023-09-17 00:18:51";NULL;"33"
"336";NULL;"Je suis habile à utiliser des outils et des machines.";"Multicheck";NULL;"2023-09-17 00:18:51";"2023-09-17 00:18:51";NULL;"33"
"337";NULL;"J'aime travailler en équipe pour accomplir de grands projets.";"Multicheck";NULL;"2023-09-17 00:18:51";"2023-09-17 00:18:51";NULL;"33"
"338";NULL;"Je suis préoccupé par la sécurité sur les chantiers.";"Multicheck";NULL;"2023-09-17 00:18:51";"2023-09-17 00:18:51";NULL;"33"
"339";NULL;"L'idée de construire ou de rénover des bâtiments m'enthousiasme.";"Multicheck";NULL;"2023-09-17 00:18:51";"2023-09-17 00:18:51";NULL;"33"
"340";NULL;"J'ai un bon sens de l'espace et de la géométrie.";"Multicheck";NULL;"2023-09-17 00:18:51";"2023-09-17 00:18:51";NULL;"33"
"341";NULL;"J'apprécie les défis techniques liés à la construction.";"Multicheck";NULL;"2023-09-17 00:18:51";"2023-09-17 00:18:51";NULL;"33"
"342";NULL;"Je m'intéresse à l'impact environnemental des bâtiments.";"Multicheck";NULL;"2023-09-17 00:18:51";"2023-09-17 00:18:51";NULL;"33"
"343";NULL;"Je suis capable de suivre un plan ou un schéma avec précision.";"Multicheck";NULL;"2023-09-17 00:18:51";"2023-09-17 00:18:51";NULL;"33"
"344";NULL;"J'aime être à l'extérieur et travailler sur des chantiers.";"Multicheck";NULL;"2023-09-17 00:18:51";"2023-09-17 00:18:51";NULL;"33"
"345";NULL;"Je suis organisé et capable de gérer plusieurs tâches simultanément.";"Multicheck";NULL;"2023-09-17 00:18:51";"2023-09-17 00:18:51";NULL;"33"
"346";NULL;"Je m'intéresse aux innovations en matière de construction.";"Multicheck";NULL;"2023-09-17 00:18:51";"2023-09-17 00:18:51";NULL;"33"
"347";NULL;"Je suis capable de résoudre rapidement les problèmes qui se posent sur un chantier.";"Multicheck";NULL;"2023-09-17 00:18:51";"2023-09-17 00:18:51";NULL;"33"
"348";NULL;"Je suis préoccupé par la durabilité et l'efficacité énergétique des constructions.";"Multicheck";NULL;"2023-09-17 00:18:51";"2023-09-17 00:18:51";NULL;"33"
"349";NULL;"J'ai le désir de créer des structures qui durent dans le temps.";"Multicheck";NULL;"2023-09-17 00:18:51";"2023-09-17 00:18:51";NULL;"33"
"350";NULL;"Je suis toujours à la recherche des meilleurs matériaux pour un projet.";"Multicheck";NULL;"2023-09-17 00:18:51";"2023-09-17 00:18:51";NULL;"33"
"351";NULL;"Je m'intéresse à l'esthétique et à la conception des bâtiments.";"Multicheck";NULL;"2023-09-17 00:18:51";"2023-09-17 00:18:51";NULL;"33"
"352";NULL;"Je suis attiré par la mécanique des sols et des structures.";"Multicheck";NULL;"2023-09-17 00:18:51";"2023-09-17 00:18:51";NULL;"33"
"353";NULL;"Je suis toujours à l'affût des nouvelles normes et réglementations en matière de construction.";"Multicheck";NULL;"2023-09-17 00:18:51";"2023-09-17 00:18:51";NULL;"33"
"354";NULL;"J'aime interagir avec les clients et les aider.";"Multicheck";NULL;"2023-09-17 00:18:51";"2023-09-17 00:18:51";NULL;"34"
"355";NULL;"Je suis convaincu que le client est roi.";"Multicheck";NULL;"2023-09-17 00:18:51";"2023-09-17 00:18:51";NULL;"34"
"356";NULL;"Je m'intéresse à l'étude des marchés et des tendances de consommation.";"Multicheck";NULL;"2023-09-17 00:18:51";"2023-09-17 00:18:51";NULL;"34"
"357";NULL;"J'apprécie la compétition et le challenge des ventes.";"Multicheck";NULL;"2023-09-17 00:18:51";"2023-09-17 00:18:51";NULL;"34"
"358";NULL;"J'ai une bonne capacité d'écoute et de communication.";"Multicheck";NULL;"2023-09-17 00:18:51";"2023-09-17 00:18:51";NULL;"34"
"359";NULL;"Je suis capable de persuader et de négocier avec les clients.";"Multicheck";NULL;"2023-09-17 00:18:51";"2023-09-17 00:18:51";NULL;"34"
"360";NULL;"Je m'intéresse à la présentation et à la mise en valeur des produits.";"Multicheck";NULL;"2023-09-17 00:18:51";"2023-09-17 00:18:51";NULL;"34"
"361";NULL;"Je suis toujours à la recherche de nouvelles stratégies pour améliorer les ventes.";"Multicheck";NULL;"2023-09-17 00:18:51";"2023-09-17 00:18:51";NULL;"34"
"362";NULL;"Je m'adapte rapidement aux préférences et aux besoins des clients.";"Multicheck";NULL;"2023-09-17 00:18:51";"2023-09-17 00:18:51";NULL;"34"
"363";NULL;"J'aime travailler dans un environnement dynamique et changeant.";"Multicheck";NULL;"2023-09-17 00:18:51";"2023-09-17 00:18:51";NULL;"34"
"364";NULL;"Je suis attentif aux détails lorsqu'il s'agit de prendre des commandes.";"Multicheck";NULL;"2023-09-17 00:18:51";"2023-09-17 00:18:51";NULL;"34"
"365";NULL;"Je suis motivé par les objectifs et les challenges de vente.";"Multicheck";NULL;"2023-09-17 00:18:51";"2023-09-17 00:18:51";NULL;"34"
"366";NULL;"Je m'intéresse à l'impact du marketing sur le comportement d'achat.";"Multicheck";NULL;"2023-09-17 00:18:51";"2023-09-17 00:18:51";NULL;"34"
"367";NULL;"J'apprécie de travailler en équipe pour atteindre les objectifs de vente.";"Multicheck";NULL;"2023-09-17 00:18:51";"2023-09-17 00:18:51";NULL;"34"
"368";NULL;"Je suis organisé et capable de gérer plusieurs clients à la fois.";"Multicheck";NULL;"2023-09-17 00:18:51";"2023-09-17 00:18:51";NULL;"34"
"369";NULL;"Je m'intéresse à la psychologie du consommateur.";"Multicheck";NULL;"2023-09-17 00:18:51";"2023-09-17 00:18:51";NULL;"34"
"370";NULL;"Je suis constamment à la recherche d'opportunités pour augmenter les ventes.";"Multicheck";NULL;"2023-09-17 00:18:51";"2023-09-17 00:18:51";NULL;"34"
"371";NULL;"J'apprécie les feedbacks des clients pour améliorer les produits ou services.";"Multicheck";NULL;"2023-09-17 00:18:51";"2023-09-17 00:18:51";NULL;"34"
"372";NULL;"Je suis préoccupé par l'éthique dans les ventes.";"Multicheck";NULL;"2023-09-17 00:18:51";"2023-09-17 00:18:51";NULL;"34"
"373";NULL;"J'aime participer à des salons et des événements commerciaux.";"Multicheck";NULL;"2023-09-17 00:18:51";"2023-09-17 00:18:51";NULL;"34"
"374";NULL;"Je suis minutieux et j'aime que les chiffres soient exacts.";"Multicheck";NULL;"2023-09-17 00:18:51";"2023-09-17 00:18:51";NULL;"35"
"375";NULL;"Je suis intéressé par les analyses financières détaillées.";"Multicheck";NULL;"2023-09-17 00:18:51";"2023-09-17 00:18:51";NULL;"35"
"376";NULL;"Je m'intéresse à la fiscalité et à ses implications.";"Multicheck";NULL;"2023-09-17 00:18:51";"2023-09-17 00:18:51";NULL;"35"
"377";NULL;"Je suis organisé et capable de gérer de nombreux dossiers simultanément.";"Multicheck";NULL;"2023-09-17 00:18:51";"2023-09-17 00:18:51";NULL;"35"
"378";NULL;"Je suis digne de confiance pour gérer les finances des autres.";"Multicheck";NULL;"2023-09-17 00:18:51";"2023-09-17 00:18:51";NULL;"35"
"379";NULL;"J'apprécie les défis liés à la résolution de problèmes financiers complexes.";"Multicheck";NULL;"2023-09-17 00:18:51";"2023-09-17 00:18:51";NULL;"35"
"380";NULL;"Je suis attentif aux détails lorsqu'il s'agit de comptabilité.";"Multicheck";NULL;"2023-09-17 00:18:51";"2023-09-17 00:18:51";NULL;"35"
"381";NULL;"Je suis bon pour suivre les procédures et les règles.";"Multicheck";NULL;"2023-09-17 00:18:51";"2023-09-17 00:18:51";NULL;"35"
"382";NULL;"Je m'intéresse à l'audit et à la recherche d'incohérences.";"Multicheck";NULL;"2023-09-17 00:18:51";"2023-09-17 00:18:51";NULL;"35"
"383";NULL;"Je suis préoccupé par l'éthique en matière financière.";"Multicheck";NULL;"2023-09-17 00:18:51";"2023-09-17 00:18:51";NULL;"35"
"384";NULL;"Je m'intéresse à la législation et aux réglementations financières.";"Multicheck";NULL;"2023-09-17 00:18:51";"2023-09-17 00:18:51";NULL;"35"
"385";NULL;"Je suis capable de communiquer des informations financières de manière claire.";"Multicheck";NULL;"2023-09-17 00:18:51";"2023-09-17 00:18:51";NULL;"35"
"386";NULL;"J'aime travailler avec des logiciels comptables.";"Multicheck";NULL;"2023-09-17 00:18:51";"2023-09-17 00:18:51";NULL;"35"
"387";NULL;"Je suis toujours à l recherche de moyens d'optimiser les finances.";"Multicheck";NULL;"2023-09-17 00:18:51";"2023-09-17 00:18:51";NULL;"35"
"388";NULL;"Je m'intéresse à la planification budgétaire et à la prévision.";"Multicheck";NULL;"2023-09-17 00:18:51";"2023-09-17 00:18:51";NULL;"35"
"389";NULL;"J'apprécie de travailler en équipe sur des projets financiers.";"Multicheck";NULL;"2023-09-17 00:18:51";"2023-09-17 00:18:51";NULL;"35"
"390";NULL;"Je suis toujours à la pointe des nouvelles tendances en comptabilité.";"Multicheck";NULL;"2023-09-17 00:18:51";"2023-09-17 00:18:51";NULL;"35"
"391";NULL;"Je suis capable de prendre des décisions financières éclairées.";"Multicheck";NULL;"2023-09-17 00:18:51";"2023-09-17 00:18:51";NULL;"35"
"392";NULL;"J'apprécie de conseiller les autres sur leurs finances.";"Multicheck";NULL;"2023-09-17 00:18:51";"2023-09-17 00:18:51";NULL;"35"
"393";NULL;"Je suis préoccupé par la transparence et l'intégrité financières.";"Multicheck";NULL;"2023-09-17 00:18:51";"2023-09-17 00:18:51";NULL;"35"
"394";NULL;"Je suis fasciné par le droit et les règles de la société.";"Multicheck";NULL;"2023-09-17 00:18:51";"2023-09-17 00:18:51";NULL;"36"
"395";NULL;"J'aime argumenter et défendre un point de vue.";"Multicheck";NULL;"2023-09-17 00:18:51";"2023-09-17 00:18:51";NULL;"36"
"396";NULL;"Je m'intéresse à la résolution de conflits.";"Multicheck";NULL;"2023-09-17 00:18:51";"2023-09-17 00:18:51";NULL;"36"
"397";NULL;"Je suis minutieux et j'aime analyser des textes complexes.";"Multicheck";NULL;"2023-09-17 00:18:51";"2023-09-17 00:18:51";NULL;"36"
"398";NULL;"Je suis digne de confiance pour gérer des informations sensibles.";"Multicheck";NULL;"2023-09-17 00:18:51";"2023-09-17 00:18:51";NULL;"36"
"399";NULL;"Je suis préoccupé par la justice et l'équité.";"Multicheck";NULL;"2023-09-17 00:18:51";"2023-09-17 00:18:51";NULL;"36"
"400";NULL;"Je m'intéresse aux différents domaines juridiques comme le droit pénal ou civil.";"Multicheck";NULL;"2023-09-17 00:18:51";"2023-09-17 00:18:51";NULL;"36"
"401";NULL;"Je suis capable de travailler sous pression et de respecter des délais serrés.";"Multicheck";NULL;"2023-09-17 00:18:51";"2023-09-17 00:18:51";NULL;"36"
"402";NULL;"Je m'intéresse aux implications légales des actions des individus et des entreprises.";"Multicheck";NULL;"2023-09-17 00:18:51";"2023-09-17 00:18:51";NULL;"36"
"403";NULL;"Je suis organisé et capable de gérer plusieurs dossiers simultanément.";"Multicheck";NULL;"2023-09-17 00:18:51";"2023-09-17 00:18:51";NULL;"36"
"404";NULL;"Je suis attentif aux détails lorsqu'il s'agit de rédiger des documents juridiques.";"Multicheck";NULL;"2023-09-17 00:18:51";"2023-09-17 00:18:51";NULL;"36"
"405";NULL;"Je suis bon pour suivre les procédures et les règles.";"Multicheck";NULL;"2023-09-17 00:18:51";"2023-09-17 00:18:51";NULL;"36"
"406";NULL;"Je m'intéresse à la législation et aux réglementations en constante évolution.";"Multicheck";NULL;"2023-09-17 00:18:51";"2023-09-17 00:18:51";NULL;"36"
"407";NULL;"Je suis toujours à la recherche de solutions justes et équilibrées.";"Multicheck";NULL;"2023-09-17 00:18:51";"2023-09-17 00:18:51";NULL;"36"
"408";NULL;"J'apprécie de travailler en équipe sur des cas juridiques.";"Multicheck";NULL;"2023-09-17 00:18:51";"2023-09-17 00:18:51";NULL;"36"
"409";NULL;"Je suis capable de prendre des décisions éclairées en matière de droit.";"Multicheck";NULL;"2023-09-17 00:18:51";"2023-09-17 00:18:51";NULL;"36"
"410";NULL;"Je m'intéresse à la défense des droits des individus.";"Multicheck";NULL;"2023-09-17 00:18:51";"2023-09-17 00:18:51";NULL;"36"
"411";NULL;"Je suis préoccupé par l'éthique en matière juridique.";"Multicheck";NULL;"2023-09-17 00:18:51";"2023-09-17 00:18:51";NULL;"36"
"412";NULL;"J'aime aider les autres à naviguer dans le système juridique.";"Multicheck";NULL;"2023-09-17 00:18:51";"2023-09-17 00:18:51";NULL;"36"
"413";NULL;"Je suis toujours à la pointe des nouvelles tendances et décisions judiciaires.";"Multicheck";NULL;"2023-09-17 00:18:51";"2023-09-17 00:18:51";NULL;"36"
"414";NULL;"J'aime écrire et exprimer mes idées clairement.";"Multicheck";NULL;"2023-09-17 00:18:51";"2023-09-17 00:18:51";NULL;"37"
"415";NULL;"Je suis curieux et toujours à la recherche d'une nouvelle histoire.";"Multicheck";NULL;"2023-09-17 00:18:51";"2023-09-17 00:18:51";NULL;"37"
"416";NULL;"Je m'intéresse à l'actualité et aux événements mondiaux.";"Multicheck";NULL;"2023-09-17 00:18:51";"2023-09-17 00:18:51";NULL;"37"
"417";NULL;"Je suis digne de confiance pour rapporter des faits objectivement.";"Multicheck";NULL;"2023-09-17 00:18:51";"2023-09-17 00:18:51";NULL;"37"
"418";NULL;"Je suis préoccupé par la vérité et l'intégrité dans le journalisme.";"Multicheck";NULL;"2023-09-17 00:18:51";"2023-09-17 00:18:51";NULL;"37"
"419";NULL;"Je suis capable de travailler sous pression et de respecter des délais serrés.";"Multicheck";NULL;"2023-09-17 00:18:51";"2023-09-17 00:18:51";NULL;"37"
"420";NULL;"J'aime interagir avec différentes personnes et collecter des informations.";"Multicheck";NULL;"2023-09-17 00:18:51";"2023-09-17 00:18:51";NULL;"37"
"421";NULL;"Je suis attentif aux détails lors de la vérification des faits.";"Multicheck";NULL;"2023-09-17 00:18:51";"2023-09-17 00:18:51";NULL;"37"
"422";NULL;"Je m'intéresse à la photographie et à la mise en page.";"Multicheck";NULL;"2023-09-17 00:18:51";"2023-09-17 00:18:51";NULL;"37"
"423";NULL;"Je suis toujours à la recherche de nouvelles façons de raconter une histoire.";"Multicheck";NULL;"2023-09-17 00:18:51";"2023-09-17 00:18:51";NULL;"37"
"424";NULL;"Je m'intéresse à la technologie et à son impact sur le journalisme.";"Multicheck";NULL;"2023-09-17 00:18:51";"2023-09-17 00:18:51";NULL;"37"
"425";NULL;"Je suis organisé et capable de gérer plusieurs articles ou reportages simultanément.";"Multicheck";NULL;"2023-09-17 00:18:51";"2023-09-17 00:18:51";NULL;"37"
"426";NULL;"Je suis préoccupé par l'éthique et la déontologie journalistique.";"Multicheck";NULL;"2023-09-17 00:18:51";"2023-09-17 00:18:51";NULL;"37"
"427";NULL;"J'aime voyager et découvrir de nouvelles cultures pour mes reportages.";"Multicheck";NULL;"2023-09-17 00:18:51";"2023-09-17 00:18:51";NULL;"37"
"428";NULL;"Je suis toujours à la pointe des nouvelles tendances en matière de médias.";"Multicheck";NULL;"2023-09-17 00:18:51";"2023-09-17 00:18:51";NULL;"37"
"429";NULL;"J'apprécie de travailler en équipe pour produire un journal ou un reportage.";"Multicheck";NULL;"2023-09-17 00:18:51";"2023-09-17 00:18:51";NULL;"37"
"430";NULL;"Je suis capable de prendre des décisions rapides en matière de reportage.";"Multicheck";NULL;"2023-09-17 00:18:51";"2023-09-17 00:18:51";NULL;"37"
"431";NULL;"Je m'intéresse à la rédaction et à l'édition.";"Multicheck";NULL;"2023-09-17 00:18:51";"2023-09-17 00:18:51";NULL;"37"
"432";NULL;"Je suis préoccupé par la liberté de la presse.";"Multicheck";NULL;"2023-09-17 00:18:51";"2023-09-17 00:18:51";NULL;"37"
"433";NULL;"Je suis toujours curieux et désireux d'apprendre de nouvelles choses.";"Multicheck";NULL;"2023-09-17 00:18:51";"2023-09-17 00:18:51";NULL;"37"
"434";NULL;"J'ai toujours été passionné par l'éducation et l'enseignement.";"Multicheck";NULL;"2023-09-17 00:18:51";"2023-09-17 00:18:51";NULL;"38"
"435";NULL;"J'aime aider les autres à comprendre des concepts compliqués.";"Multicheck";NULL;"2023-09-17 00:18:51";"2023-09-17 00:18:51";NULL;"38"
"436";NULL;"Je m'intéresse à différentes méthodes d'enseignement et d'apprentissage.";"Multicheck";NULL;"2023-09-17 00:18:51";"2023-09-17 00:18:51";NULL;"38"
"437";NULL;"J'ai de la patience et je suis capable d'expliquer les choses de plusieurs manières différentes.";"Multicheck";NULL;"2023-09-17 00:18:51";"2023-09-17 00:18:51";NULL;"38"
"438";NULL;"Je m'intéresse à la psychologie de l'apprentissage.";"Multicheck";NULL;"2023-09-17 00:18:51";"2023-09-17 00:18:51";NULL;"38"
"439";NULL;"J'aime créer un environnement d'apprentissage positif et stimulant.";"Multicheck";NULL;"2023-09-17 00:18:51";"2023-09-17 00:18:51";NULL;"38"
"440";NULL;"Je suis organisé et capable de planifier des leçons de manière efficace.";"Multicheck";NULL;"2023-09-17 00:18:51";"2023-09-17 00:18:51";NULL;"38"
"441";NULL;"Je suis toujours à la recherche de nouvelles ressources pédagogiques et techniques d'enseignement.";"Multicheck";NULL;"2023-09-17 00:18:51";"2023-09-17 00:18:51";NULL;"38"
"442";NULL;"Je m'intéresse aux défis auxquels sont confrontés les étudiants d'aujourd'hui.";"Multicheck";NULL;"2023-09-17 00:18:51";"2023-09-17 00:18:51";NULL;"38"
"443";NULL;"Je suis capable de gérer une classe et de maintenir la discipline.";"Multicheck";NULL;"2023-09-17 00:18:51";"2023-09-17 00:18:51";NULL;"38"
"444";NULL;"J'aime travailler en équipe avec d'autres enseignants et professionnels de l'éducation.";"Multicheck";NULL;"2023-09-17 00:18:51";"2023-09-17 00:18:51";NULL;"38"
"445";NULL;"Je suis préoccupé par le bien-être et le succès académique de mes élèves.";"Multicheck";NULL;"2023-09-17 00:18:51";"2023-09-17 00:18:51";NULL;"38"
"446";NULL;"J'apprécie de suivre les progrès et les réalisations des étudiants.";"Multicheck";NULL;"2023-09-17 00:18:51";"2023-09-17 00:18:51";NULL;"38"
"447";NULL;"Je suis toujours à jour sur les dernières tendances en matière d'éducation.";"Multicheck";NULL;"2023-09-17 00:18:51";"2023-09-17 00:18:51";NULL;"38"
"448";NULL;"Je suis capable de m'adapter à différents styles d'apprentissage des élèves.";"Multicheck";NULL;"2023-09-17 00:18:51";"2023-09-17 00:18:51";NULL;"38"
"449";NULL;"Je m'intéresse à l'impact de la technologie sur l'éducation.";"Multicheck";NULL;"2023-09-17 00:18:51";"2023-09-17 00:18:51";NULL;"38"
"450";NULL;"Je suis préoccupé par l'équité et l'inclusion en éducation.";"Multicheck";NULL;"2023-09-17 00:18:51";"2023-09-17 00:18:51";NULL;"38"
"451";NULL;"J'aime participer à des formations professionnelles et des ateliers.";"Multicheck";NULL;"2023-09-17 00:18:51";"2023-09-17 00:18:51";NULL;"38"
"452";NULL;"Je suis toujours prêt à apprendre et à me développer en tant qu'enseignant.";"Multicheck";NULL;"2023-09-17 00:18:51";"2023-09-17 00:18:51";NULL;"38"
"453";NULL;"Je m'intéresse à la politique éducative et aux réformes.";"Multicheck";NULL;"2023-09-17 00:18:51";"2023-09-17 00:18:51";NULL;"38"
"454";NULL;"Je suis passionné par l'électronique et les circuits.";"Multicheck";NULL;"2023-09-17 00:18:51";"2023-09-17 00:18:51";NULL;"39"
"455";NULL;"J'aime résoudre des problèmes et dépanner des systèmes électriques.";"Multicheck";NULL;"2023-09-17 00:18:51";"2023-09-17 00:18:51";NULL;"39"
"456";NULL;"Je m'intéresse à la façon dont l'électricité alimente nos vies quotidiennes.";"Multicheck";NULL;"2023-09-17 00:18:51";"2023-09-17 00:18:51";NULL;"39"
"457";NULL;"Je suis capable de suivre des plans et des schémas électriques.";"Multicheck";NULL;"2023-09-17 00:18:51";"2023-09-17 00:18:51";NULL;"39"
"458";NULL;"Je suis toujours à la recherche des dernières avancées technologiques en matière d'électricité.";"Multicheck";NULL;"2023-09-17 00:18:51";"2023-09-17 00:18:51";NULL;"39"
"459";NULL;"Je m'intéresse à la sécurité électrique et à la prévention.";"Multicheck";NULL;"2023-09-17 00:18:51";"2023-09-17 00:18:51";NULL;"39"
"460";NULL;"Je suis capable de travailler dans des espaces confinés ou en hauteur.";"Multicheck";NULL;"2023-09-17 00:18:51";"2023-09-17 00:18:51";NULL;"39"
"461";NULL;"Je suis organisé et capable de gérer plusieurs projets électriques en même temps.";"Multicheck";NULL;"2023-09-17 00:18:51";"2023-09-17 00:18:51";NULL;"39"
"462";NULL;"Je suis préoccupé par l'efficacité énergétique.";"Multicheck";NULL;"2023-09-17 00:18:51";"2023-09-17 00:18:51";NULL;"39"
"463";NULL;"J'aime travailler en équipe sur des projets électriques.";"Multicheck";NULL;"2023-09-17 00:18:51";"2023-09-17 00:18:51";NULL;"39"
"464";NULL;"Je suis toujours à jour sur les normes et réglementations électriques.";"Multicheck";NULL;"2023-09-17 00:18:51";"2023-09-17 00:18:51";NULL;"39"
"465";NULL;"Je m'intéresse aux différents types de systèmes électriques et d'équipements.";"Multicheck";NULL;"2023-09-17 00:18:51";"2023-09-17 00:18:51";NULL;"39"
"466";NULL;"Je suis capable de comprendre des concepts électriques complexes.";"Multicheck";NULL;"2023-09-17 00:18:51";"2023-09-17 00:18:51";NULL;"39"
"467";NULL;"Je suis minutieux et précis dans mon travail.";"Multicheck";NULL;"2023-09-17 00:18:51";"2023-09-17 00:18:51";NULL;"39"
"468";NULL;"Je suis préoccupé par la durabilité et les sources d'énergie renouvelable.";"Multicheck";NULL;"2023-09-17 00:18:51";"2023-09-17 00:18:51";NULL;"39"
"469";NULL;"J'aime explorer de nouvelles idées et innovations en matière d'électricité.";"Multicheck";NULL;"2023-09-17 00:18:51";"2023-09-17 00:18:51";NULL;"39"
"470";NULL;"Je suis capable de gérer le stress et de travailler sous pression.";"Multicheck";NULL;"2023-09-17 00:18:51";"2023-09-17 00:18:51";NULL;"39"
"471";NULL;"Je m'intéresse aux défis liés à l'énergie dans le monde.";"Multicheck";NULL;"2023-09-17 00:18:51";"2023-09-17 00:18:51";NULL;"39"
"472";NULL;"Je suis toujours prêt à apprendre et à me former.";"Multicheck";NULL;"2023-09-17 00:18:51";"2023-09-17 00:18:51";NULL;"39"
"473";NULL;"Je m'intéresse aux applications pratiques de l'électricité dans diverses industries.";"Multicheck";NULL;"2023-09-17 00:18:51";"2023-09-17 00:18:51";NULL;"39"
"474";NULL;"Je suis passionné par les énergies propres et durables.";"Multicheck";NULL;"2023-09-17 00:18:51";"2023-09-17 00:18:51";NULL;"40"
"475";NULL;"Je m'intéresse à la manière dont nous pouvons réduire notre empreinte carbone.";"Multicheck";NULL;"2023-09-17 00:18:51";"2023-09-17 00:18:51";NULL;"40"
"476";NULL;"Je suis toujours à la recherche de nouvelles technologies d'énergie renouvelable.";"Multicheck";NULL;"2023-09-17 00:18:51";"2023-09-17 00:18:51";NULL;"40"
"477";NULL;"J'aime travailler sur des projets qui ont un impact environnemental positif.";"Multicheck";NULL;"2023-09-17 00:18:51";"2023-09-17 00:18:51";NULL;"40"
"478";NULL;"Je suis conscient des enjeux mondiaux liés au changement climatique.";"Multicheck";NULL;"2023-09-17 00:18:51";"2023-09-17 00:18:51";NULL;"40"
"479";NULL;"Je suis motivé par la possibilité de créer des solutions énergétiques durables.";"Multicheck";NULL;"2023-09-17 00:18:51";"2023-09-17 00:18:51";NULL;"40"
"480";NULL;"Je suis capable de comprendre des concepts techniques liés à l'énergie.";"Multicheck";NULL;"2023-09-17 00:18:51";"2023-09-17 00:18:51";NULL;"40"
"481";NULL;"Je m'intéresse à la politique et à la réglementation en matière d'énergie.";"Multicheck";NULL;"2023-09-17 00:18:51";"2023-09-17 00:18:51";NULL;"40"
"482";NULL;"Je suis préoccupé par l'efficacité énergétique et la conservation.";"Multicheck";NULL;"2023-09-17 00:18:51";"2023-09-17 00:18:51";NULL;"40"
"483";NULL;"Je suis capable de travailler en équipe sur des projets d'énergie renouvelable.";"Multicheck";NULL;"2023-09-17 00:18:51";"2023-09-17 00:18:51";NULL;"40"
"484";NULL;"Je suis toujours à jour sur les dernières avancées dans le domaine des énergies renouvelables.";"Multicheck";NULL;"2023-09-17 00:18:51";"2023-09-17 00:18:51";NULL;"40"
"485";NULL;"Je suis intéressé par les défis et les opportunités du secteur de l'énergie.";"Multicheck";NULL;"2023-09-17 00:18:51";"2023-09-17 00:18:51";NULL;"40"
"486";NULL;"Je suis organisé et capable de gérer des projets d'énergie de grande envergure.";"Multicheck";NULL;"2023-09-17 00:18:51";"2023-09-17 00:18:51";NULL;"40"
"487";NULL;"Je m'intéresse à la manière dont l'énergie est produite, distribuée et consommée.";"Multicheck";NULL;"2023-09-17 00:18:51";"2023-09-17 00:18:51";NULL;"40"
"488";NULL;"Je suis toujours prêt à apprendre et à me former dans le domaine de l'énergie.";"Multicheck";NULL;"2023-09-17 00:18:51";"2023-09-17 00:18:51";NULL;"40"
"489";NULL;"Je suis préoccupé par l'avenir énergétique de notre planète.";"Multicheck";NULL;"2023-09-17 00:18:51";"2023-09-17 00:18:51";NULL;"40"
"490";NULL;"Je m'intéresse à la transition vers une économie à faible émission de carbone.";"Multicheck";NULL;"2023-09-17 00:18:51";"2023-09-17 00:18:51";NULL;"40"
"491";NULL;"Je suis motivé par la recherche de solutions innovantes en matière d'énergie.";"Multicheck";NULL;"2023-09-17 00:18:51";"2023-09-17 00:18:51";NULL;"40"
"492";NULL;"Je suis capable de comprendre les besoins énergétiques des communautés et des industries.";"Multicheck";NULL;"2023-09-17 00:18:51";"2023-09-17 00:18:51";NULL;"40"
"493";NULL;"Je m'intéresse aux différentes sources d'énergie et à leurs avantages et inconvénients.";"Multicheck";NULL;"2023-09-17 00:18:51";"2023-09-17 00:18:51";NULL;"40"
"494";NULL;"Je suis intéressé par le fonctionnement des institutions publiques.";"Multicheck";NULL;"2023-09-17 00:18:51";"2023-09-17 00:18:51";NULL;"41"
"495";NULL;"Je m'intéresse à la politique et à l'administration publique.";"Multicheck";NULL;"2023-09-17 00:18:51";"2023-09-17 00:18:51";NULL;"41"
"496";NULL;"J'ai le sens du service public et souhaite contribuer au bien-être de la communauté.";"Multicheck";NULL;"2023-09-17 00:18:51";"2023-09-17 00:18:51";NULL;"41"
"497";NULL;"Je suis capable de travailler en respectant des procédures et des réglementations strictes.";"Multicheck";NULL;"2023-09-17 00:18:51";"2023-09-17 00:18:51";NULL;"41"
"498";NULL;"Je suis préoccupé par l'éthique et la transparence dans le service public.";"Multicheck";NULL;"2023-09-17 00:18:51";"2023-09-17 00:18:51";NULL;"41"
"499";NULL;"Je suis organisé et capable de gérer des projets publics de grande envergure.";"Multicheck";NULL;"2023-09-17 00:18:51";"2023-09-17 00:18:51";NULL;"41"
"500";NULL;"J'aime travailler en équipe et collaborer avec différents départements ou agences.";"Multicheck";NULL;"2023-09-17 00:18:51";"2023-09-17 00:18:51";NULL;"41"
"501";NULL;"Je m'intéresse aux enjeux sociaux et souhaite participer à la prise de décisions qui affectent la communauté.";"Multicheck";NULL;"2023-09-17 00:18:51";"2023-09-17 00:18:51";NULL;"41"
"502";NULL;"Je suis capable de gérer le stress et de travailler dans un environnement bureaucratique.";"Multicheck";NULL;"2023-09-17 00:18:51";"2023-09-17 00:18:51";NULL;"41"
"503";NULL;"Je suis toujours prêt à apprendre et à me former dans le domaine de la fonction publique.";"Multicheck";NULL;"2023-09-17 00:18:51";"2023-09-17 00:18:51";NULL;"41"
"504";NULL;"Je suis intéressé par les défis auxquels sont confrontées les institutions publiques.";"Multicheck";NULL;"2023-09-17 00:18:51";"2023-09-17 00:18:51";NULL;"41"
"505";NULL;"Je suis motivé par l'idée de faire une différence dans la vie des citoyens.";"Multicheck";NULL;"2023-09-17 00:18:51";"2023-09-17 00:18:51";NULL;"41"
"506";NULL;"Je suis capable de comprendre les besoins et les préoccupations des citoyens.";"Multicheck";NULL;"2023-09-17 00:18:51";"2023-09-17 00:18:51";NULL;"41"
"507";NULL;"Je m'intéresse à la gouvernance et à la manière dont les politiques sont élaborées et mises en œuvre.";"Multicheck";NULL;"2023-09-17 00:18:51";"2023-09-17 00:18:51";NULL;"41"
"508";NULL;"Je suis préoccupé par la justice sociale et l'égalité.";"Multicheck";NULL;"2023-09-17 00:18:51";"2023-09-17 00:18:51";NULL;"41"
"509";NULL;"J'aime résoudre des problèmes et trouver des solutions qui bénéficient à la communauté.";"Multicheck";NULL;"2023-09-17 00:18:51";"2023-09-17 00:18:51";NULL;"41"
"510";NULL;"Je suis capable de communiquer efficacement avec le public et les autres parties prenantes.";"Multicheck";NULL;"2023-09-17 00:18:51";"2023-09-17 00:18:51";NULL;"41"
"511";NULL;"Je m'intéresse à l'impact des politiques publiques sur différentes parties de la société.";"Multicheck";NULL;"2023-09-17 00:18:51";"2023-09-17 00:18:51";NULL;"41"
"512";NULL;"Je suis toujours à jour sur les dernières tendances et développements dans le domaine de la fonction publique.";"Multicheck";NULL;"2023-09-17 00:18:51";"2023-09-17 00:18:51";NULL;"41"
"513";NULL;"Je m'intéresse à la manière dont le service public peut s'adapter et évoluer pour répondre aux besoins changeants de la société.";"Multicheck";NULL;"2023-09-17 00:18:51";"2023-09-17 00:18:51";NULL;"41"
"514";NULL;"Je suis doué pour la planification et l'organisation.";"Multicheck";NULL;"2023-09-17 00:18:51";"2023-09-17 00:18:51";NULL;"42"
"515";NULL;"J'aime analyser et améliorer les processus de travail.";"Multicheck";NULL;"2023-09-17 00:18:51";"2023-09-17 00:18:51";NULL;"42"
"516";NULL;"Je m'intéresse à la façon dont les entreprises fonctionnent et opèrent.";"Multicheck";NULL;"2023-09-17 00:18:51";"2023-09-17 00:18:51";NULL;"42"
"517";NULL;"Je suis capable de travailler en équipe pour atteindre des objectifs organisationnels.";"Multicheck";NULL;"2023-09-17 00:18:51";"2023-09-17 00:18:51";NULL;"42"
"518";NULL;"Je suis toujours à la recherche de moyens d'optimiser les ressources et la productivité.";"Multicheck";NULL;"2023-09-17 00:18:51";"2023-09-17 00:18:51";NULL;"42"
"519";NULL;"Je suis capable de comprendre les besoins et les priorités d'une organisation.";"Multicheck";NULL;"2023-09-17 00:18:51";"2023-09-17 00:18:51";NULL;"42"
"520";NULL;"Je suis préoccupé par l'efficacité et la qualité du travail.";"Multicheck";NULL;"2023-09-17 00:18:51";"2023-09-17 00:18:51";NULL;"42"
"521";NULL;"Je suis capable de gérer des projets et de respecter des échéances.";"Multicheck";NULL;"2023-09-17 00:18:51";"2023-09-17 00:18:51";NULL;"42"
"522";NULL;"Je m'intéresse à la manière dont les décisions sont prises au sein des entreprises.";"Multicheck";NULL;"2023-09-17 00:18:51";"2023-09-17 00:18:51";NULL;"42"
"523";NULL;"Je suis capable de communiquer efficacement avec différentes parties prenantes au sein d'une organisation.";"Multicheck";NULL;"2023-09-17 00:18:51";"2023-09-17 00:18:51";NULL;"42"
"524";NULL;"Je suis toujours prêt à apprendre et à me former dans le domaine de la gestion et de l'organisation.";"Multicheck";NULL;"2023-09-17 00:18:51";"2023-09-17 00:18:51";NULL;"42"
"525";NULL;"Je suis motivé par la possibilité d'améliorer les performances d'une organisation.";"Multicheck";NULL;"2023-09-17 00:18:51";"2023-09-17 00:18:51";NULL;"42"
"526";NULL;"Je suis intéressé par les défis et les opportunités du monde des affaires.";"Multicheck";NULL;"2023-09-17 00:18:51";"2023-09-17 00:18:51";NULL;"42"
"527";NULL;"Je suis organisé et capable de gérer plusieurs tâches à la fois.";"Multicheck";NULL;"2023-09-17 00:18:51";"2023-09-17 00:18:51";NULL;"42"
"528";NULL;"Je m'intéresse à la manière dont les entreprises s'adaptent et évoluent face à la concurrence.";"Multicheck";NULL;"2023-09-17 00:18:51";"2023-09-17 00:18:51";NULL;"42"
"529";NULL;"Je suis capable de travailler de manière autonome et de prendre des initiatives.";"Multicheck";NULL;"2023-09-17 00:18:51";"2023-09-17 00:18:51";NULL;"42"
"530";NULL;"Je suis préoccupé par la satisfaction des clients et des employés.";"Multicheck";NULL;"2023-09-17 00:18:51";"2023-09-17 00:18:51";NULL;"42"
"531";NULL;"Je suis intéressé par les stratégies et les modèles d'entreprise.";"Multicheck";NULL;"2023-09-17 00:18:51";"2023-09-17 00:18:51";NULL;"42"
"532";NULL;"Je suis toujours à jour sur les dernières tendances et développements dans le domaine de la gestion et de l'organisation.";"Multicheck";NULL;"2023-09-17 00:18:51";"2023-09-17 00:18:51";NULL;"42"
"533";NULL;"Je suis capable de résoudre des problèmes et de trouver des solutions créatives.";"Multicheck";NULL;"2023-09-17 00:18:51";"2023-09-17 00:18:51";NULL;"42"
"534";NULL;"J'apprécie le contact avec la clientèle.";"Multicheck";NULL;"2023-09-17 00:18:51";"2023-09-17 00:18:51";NULL;"43"
"535";NULL;"Je m'intéresse aux différentes cultures et traditions du monde.";"Multicheck";NULL;"2023-09-17 00:18:51";"2023-09-17 00:18:51";NULL;"43"
"536";NULL;"J'aime voyager et découvrir de nouveaux endroits.";"Multicheck";NULL;"2023-09-17 00:18:51";"2023-09-17 00:18:51";NULL;"43"
"537";NULL;"Je suis capable de travailler dans un environnement rapide et changeant.";"Multicheck";NULL;"2023-09-17 00:18:51";"2023-09-17 00:18:51";NULL;"43"
"538";NULL;"Je suis toujours à la recherche de nouvelles expériences et aventures.";"Multicheck";NULL;"2023-09-17 00:18:51";"2023-09-17 00:18:51";NULL;"43"
"539";NULL;"Je suis capable de comprendre les besoins et les attentes des clients.";"Multicheck";NULL;"2023-09-17 00:18:51";"2023-09-17 00:18:51";NULL;"43"
"540";NULL;"Je suis préoccupé par le bien-être et la satisfaction des clients.";"Multicheck";NULL;"2023-09-17 00:18:51";"2023-09-17 00:18:51";NULL;"43"
"541";NULL;"Je suis capable de gérer des situations stressantes et imprévues.";"Multicheck";NULL;"2023-09-17 00:18:51";"2023-09-17 00:18:51";NULL;"43"
"542";NULL;"Je m'intéresse à la manière dont les entreprises du secteur du tourisme et de l'hôtellerie fonctionnent.";"Multicheck";NULL;"2023-09-17 00:18:51";"2023-09-17 00:18:51";NULL;"43"
"543";NULL;"Je suis capable de communiquer efficacement avec les clients et les collègues.";"Multicheck";NULL;"2023-09-17 00:18:51";"2023-09-17 00:18:51";NULL;"43"
"544";NULL;"Je suis toujours prêt à apprendre et à me former dans le domaine de l'hôtellerie et du tourisme.";"Multicheck";NULL;"2023-09-17 00:18:51";"2023-09-17 00:18:51";NULL;"43"
"545";NULL;"Je suis motivé par la possibilité de créer des expériences mémorables pour les clients.";"Multicheck";NULL;"2023-09-17 00:18:51";"2023-09-17 00:18:51";NULL;"43"
"546";NULL;"Je suis intéressé par les défis et les opportunités du secteur du tourisme.";"Multicheck";NULL;"2023-09-17 00:18:51";"2023-09-17 00:18:51";NULL;"43"
"547";NULL;"Je suis organisé et capable de gérer plusieurs réservations ou demandes à la fois.";"Multicheck";NULL;"2023-09-17 00:18:51";"2023-09-17 00:18:51";NULL;"43"
"548";NULL;"Je m'intéresse aux tendances et aux développements du secteur du tourisme.";"Multicheck";NULL;"2023-09-17 00:18:51";"2023-09-17 00:18:51";NULL;"43"
"549";NULL;"Je suis capable de travailler en équipe pour offrir le meilleur service possible.";"Multicheck";NULL;"2023-09-17 00:18:51";"2023-09-17 00:18:51";NULL;"43"
"550";NULL;"Je suis préoccupé par la qualité et la sécurité des services offerts.";"Multicheck";NULL;"2023-09-17 00:18:51";"2023-09-17 00:18:51";NULL;"43"
"551";NULL;"Je suis intéressé par la promotion et le marketing des destinations et des services touristiques.";"Multicheck";NULL;"2023-09-17 00:18:51";"2023-09-17 00:18:51";NULL;"43"
"552";NULL;"Je suis toujours à l'écoute des retours et des commentaires des clients.";"Multicheck";NULL;"2023-09-17 00:18:51";"2023-09-17 00:18:51";NULL;"43"
"553";NULL;"Je m'intéresse à la manière dont le secteur du tourisme s'adapte aux évolutions du marché.";"Multicheck";NULL;"2023-09-17 00:18:51";"2023-09-17 00:18:51";NULL;"43"
"554";NULL;"Je suis naturellement doué pour les technologies.";"Multicheck";NULL;"2023-09-17 00:18:51";"2023-09-17 00:18:51";NULL;"44"
"555";NULL;"La résolution de problèmes complexes me motive.";"Multicheck";NULL;"2023-09-17 00:18:51";"2023-09-17 00:18:51";NULL;"44"
"556";NULL;"Je suis toujours curieux des nouvelles innovations technologiques.";"Multicheck";NULL;"2023-09-17 00:18:51";"2023-09-17 00:18:51";NULL;"44"
"557";NULL;"Je suis capable de travailler de manière autonome pendant de longues heures.";"Multicheck";NULL;"2023-09-17 00:18:51";"2023-09-17 00:18:51";NULL;"44"
"558";NULL;"J'aime apprendre et m'adapter à de nouveaux logiciels ou langages de programmation.";"Multicheck";NULL;"2023-09-17 00:18:51";"2023-09-17 00:18:51";NULL;"44"
"559";NULL;"La pensée logique et analytique me vient naturellement.";"Multicheck";NULL;"2023-09-17 00:18:51";"2023-09-17 00:18:51";NULL;"44"
"560";NULL;"Je suis intéressé par la façon dont les systèmes et les réseaux communiquent entre eux.";"Multicheck";NULL;"2023-09-17 00:18:51";"2023-09-17 00:18:51";NULL;"44"
"561";NULL;"Je prends satisfaction à rendre les choses plus efficaces grâce à la technologie.";"Multicheck";NULL;"2023-09-17 00:18:51";"2023-09-17 00:18:51";NULL;"44"
"562";NULL;"J'aime collaborer en équipe pour développer des solutions.";"Multicheck";NULL;"2023-09-17 00:18:51";"2023-09-17 00:18:51";NULL;"44"
"563";NULL;"Je suis constamment à la recherche de moyens de sécuriser et protéger les informations.";"Multicheck";NULL;"2023-09-17 00:18:51";"2023-09-17 00:18:51";NULL;"44"
"564";NULL;"L'idée de créer ou d'innover dans le domaine numérique m'enthousiasme.";"Multicheck";NULL;"2023-09-17 00:18:51";"2023-09-17 00:18:51";NULL;"44"
"565";NULL;"Je suis capable de comprendre et de répondre rapidement aux problèmes techniques.";"Multicheck";NULL;"2023-09-17 00:18:51";"2023-09-17 00:18:51";NULL;"44"
"566";NULL;"J'aime rester à jour avec les dernières tendances technologiques.";"Multicheck";NULL;"2023-09-17 00:18:51";"2023-09-17 00:18:51";NULL;"44"
"567";NULL;"Je suis prêt à investir du temps pour apprendre de nouvelles compétences techniques.";"Multicheck";NULL;"2023-09-17 00:18:51";"2023-09-17 00:18:51";NULL;"44"
"568";NULL;"Je trouve passionnant de voir comment la technologie peut changer la vie des gens.";"Multicheck";NULL;"2023-09-17 00:18:51";"2023-09-17 00:18:51";NULL;"44"
"569";NULL;"J'aime les défis qui nécessitent une solution créative.";"Multicheck";NULL;"2023-09-17 00:18:51";"2023-09-17 00:18:51";NULL;"44"
"570";NULL;"Je suis intéressé par l'étude et l'analyse des données.";"Multicheck";NULL;"2023-09-17 00:18:51";"2023-09-17 00:18:51";NULL;"44"
"571";NULL;"Je m'intéresse à la conception et au développement d'applications ou de sites web.";"Multicheck";NULL;"2023-09-17 00:18:51";"2023-09-17 00:18:51";NULL;"44"
"572";NULL;"Je suis toujours en quête d'amélioration et d'optimisation des processus grâce à la technologie.";"Multicheck";NULL;"2023-09-17 00:18:51";"2023-09-17 00:18:51";NULL;"44"
"573";NULL;"Je suis capable de communiquer des idées techniques à des non-initiés.";"Multicheck";NULL;"2023-09-17 00:18:51";"2023-09-17 00:18:51";NULL;"44"
"574";NULL;"J'ai un intérêt marqué pour la collecte et l'analyse d'informations.";"Multicheck";NULL;"2023-09-17 00:18:51";"2023-09-17 00:18:51";NULL;"45"
"575";NULL;"La recherche et l'interprétation de données me passionnent.";"Multicheck";NULL;"2023-09-17 00:18:51";"2023-09-17 00:18:51";NULL;"45"
"576";NULL;"Je suis toujours à l'affût des tendances et évolutions du marché.";"Multicheck";NULL;"2023-09-17 00:18:51";"2023-09-17 00:18:51";NULL;"45"
"577";NULL;"J'aime déchiffrer des situations complexes et les traduire en informations actionnables.";"Multicheck";NULL;"2023-09-17 00:18:51";"2023-09-17 00:18:51";NULL;"45"
"578";NULL;"Je suis capable de travailler discrètement et de manière confidentielle.";"Multicheck";NULL;"2023-09-17 00:18:51";"2023-09-17 00:18:51";NULL;"45"
"579";NULL;"Je suis intéressé par la stratégie et la prise de décision basée sur des données.";"Multicheck";NULL;"2023-09-17 00:18:51";"2023-09-17 00:18:51";NULL;"45"
"580";NULL;"Je m'intéresse à la façon dont l'information est utilisée dans la concurrence commerciale.";"Multicheck";NULL;"2023-09-17 00:18:51";"2023-09-17 00:18:51";NULL;"45"
"581";NULL;"Je suis capable d'anticiper les mouvements et décisions des concurrents.";"Multicheck";NULL;"2023-09-17 00:18:51";"2023-09-17 00:18:51";NULL;"45"
"582";NULL;"J'aime combiner des sources d'information pour tirer des conclusions.";"Multicheck";NULL;"2023-09-17 00:18:51";"2023-09-17 00:18:51";NULL;"45"
"583";NULL;"Je suis toujours prêt à approfondir mes recherches pour obtenir des réponses.";"Multicheck";NULL;"2023-09-17 00:18:51";"2023-09-17 00:18:51";NULL;"45"
"584";NULL;"Je suis attiré par le monde du renseignement et de l'espionnage.";"Multicheck";NULL;"2023-09-17 00:18:51";"2023-09-17 00:18:51";NULL;"45"
"585";NULL;"Je suis capable de reconnaître les opportunités et les menaces dans une situation donnée.";"Multicheck";NULL;"2023-09-17 00:18:51";"2023-09-17 00:18:51";NULL;"45"
"586";NULL;"Je suis minutieux et attentif aux détails.";"Multicheck";NULL;"2023-09-17 00:18:51";"2023-09-17 00:18:51";NULL;"45"
"587";NULL;"Je m'intéresse à la manière dont l'information influence le monde des affaires et la politique.";"Multicheck";NULL;"2023-09-17 00:18:51";"2023-09-17 00:18:51";NULL;"45"
"588";NULL;"J'aime travailler avec des outils et des technologies d'analyse.";"Multicheck";NULL;"2023-09-17 00:18:51";"2023-09-17 00:18:51";NULL;"45"
"589";NULL;"Je suis capable de travailler sous pression et face à l'incertitude.";"Multicheck";NULL;"2023-09-17 00:18:51";"2023-09-17 00:18:51";NULL;"45"
"590";NULL;"Je suis préoccupé par l'éthique et l'intégrité de l'information.";"Multicheck";NULL;"2023-09-17 00:18:51";"2023-09-17 00:18:51";NULL;"45"
"591";NULL;"Je m'intéresse à la cybersécurité et à la protection des données.";"Multicheck";NULL;"2023-09-17 00:18:51";"2023-09-17 00:18:51";NULL;"45"
"592";NULL;"Je suis toujours en quête d'amélioration de mes compétences d'analyse.";"Multicheck";NULL;"2023-09-17 00:18:51";"2023-09-17 00:18:51";NULL;"45"
"593";NULL;"Je suis capable de présenter et de communiquer des informations complexes de manière compréhensible.";"Multicheck";NULL;"2023-09-17 00:18:51";"2023-09-17 00:18:51";NULL;"45"
"594";NULL;"Je suis profondément touché par les enjeux humanitaires.";"Multicheck";NULL;"2023-09-17 00:18:51";"2023-09-17 00:18:51";NULL;"46"
"595";NULL;"Je souhaite aider les personnes en situation de précarité.";"Multicheck";NULL;"2023-09-17 00:18:51";"2023-09-17 00:18:51";NULL;"46"
"596";NULL;"Je suis prêt à travailler dans des conditions difficiles pour aider les autres.";"Multicheck";NULL;"2023-09-17 00:18:51";"2023-09-17 00:18:51";NULL;"46"
"597";NULL;"La culture de solidarité m'attire.";"Multicheck";NULL;"2023-09-17 00:18:51";"2023-09-17 00:18:51";NULL;"46"
"598";NULL;"Je m'intéresse aux causes globales comme la faim, la santé, l'éducation.";"Multicheck";NULL;"2023-09-17 00:18:51";"2023-09-17 00:18:51";NULL;"46"
"599";NULL;"Je suis capable de travailler en équipe dans des situations stressantes.";"Multicheck";NULL;"2023-09-17 00:18:51";"2023-09-17 00:18:51";NULL;"46"
"600";NULL;"Je suis capable d'adapter mes compétences pour répondre aux besoins humanitaires.";"Multicheck";NULL;"2023-09-17 00:18:51";"2023-09-17 00:18:51";NULL;"46"
"601";NULL;"Je souhaite travailler à l'international pour des ONG ou des associations.";"Multicheck";NULL;"2023-09-17 00:18:51";"2023-09-17 00:18:51";NULL;"46"
"602";NULL;"Je suis motivé par l'idée de faire une différence dans la vie des gens.";"Multicheck";NULL;"2023-09-17 00:18:51";"2023-09-17 00:18:51";NULL;"46"
"603";NULL;"J'ai une grande écoute et empathie envers les autres.";"Multicheck";NULL;"2023-09-17 00:18:51";"2023-09-17 00:18:51";NULL;"46"
"604";NULL;"Je suis intéressé par les études et recherches sur les crises humanitaires.";"Multicheck";NULL;"2023-09-17 00:18:51";"2023-09-17 00:18:51";NULL;"46"
"605";NULL;"Je suis prêt à apprendre de nouvelles langues ou cultures pour mon travail.";"Multicheck";NULL;"2023-09-17 00:18:51";"2023-09-17 00:18:51";NULL;"46"
"606";NULL;"Je m'adapte rapidement aux situations imprévues ou d'urgence.";"Multicheck";NULL;"2023-09-17 00:18:51";"2023-09-17 00:18:51";NULL;"46"
"607";NULL;"Je suis conscient des enjeux politiques et sociaux des régions en crise.";"Multicheck";NULL;"2023-09-17 00:18:51";"2023-09-17 00:18:51";NULL;"46"
"608";NULL;"Je suis capable de gérer le stress et les émotions fortes.";"Multicheck";NULL;"2023-09-17 00:18:51";"2023-09-17 00:18:51";NULL;"46"
"609";NULL;"Je suis intéressé par la logistique et la coordination de projets humanitaires.";"Multicheck";NULL;"2023-09-17 00:18:51";"2023-09-17 00:18:51";NULL;"46"
"610";NULL;"J'ai une forte capacité de résilience face aux situations difficiles.";"Multicheck";NULL;"2023-09-17 00:18:51";"2023-09-17 00:18:51";NULL;"46"
"611";NULL;"Je m'intéresse aux droits de l'homme et à la justice sociale.";"Multicheck";NULL;"2023-09-17 00:18:51";"2023-09-17 00:18:51";NULL;"46"
"612";NULL;"Je suis capable de former et d'éduquer d'autres personnes sur des questions humanitaires.";"Multicheck";NULL;"2023-09-17 00:18:51";"2023-09-17 00:18:51";NULL;"46"
"613";NULL;"Je suis toujours prêt à défendre les causes qui me tiennent à cœur.";"Multicheck";NULL;"2023-09-17 00:18:51";"2023-09-17 00:18:51";NULL;"46"
"614";NULL;"La création et la mise en œuvre de stratégies marketing m'attirent.";"Multicheck";NULL;"2023-09-17 00:18:51";"2023-09-17 00:18:51";NULL;"47"
"615";NULL;"Je suis constamment à l'affût des dernières tendances du marché.";"Multicheck";NULL;"2023-09-17 00:18:51";"2023-09-17 00:18:51";NULL;"47"
"616";NULL;"Je m'intéresse à la manière dont les marques communiquent et se positionnent.";"Multicheck";NULL;"2023-09-17 00:18:51";"2023-09-17 00:18:51";NULL;"47"
"617";NULL;"Je suis créatif et aime concevoir des campagnes publicitaires.";"Multicheck";NULL;"2023-09-17 00:18:51";"2023-09-17 00:18:51";NULL;"47"
"618";NULL;"Je m'intéresse à l'étude du comportement des consommateurs.";"Multicheck";NULL;"2023-09-17 00:18:51";"2023-09-17 00:18:51";NULL;"47"
"619";NULL;"Je suis capable de travailler en équipe pour atteindre des objectifs de vente.";"Multicheck";NULL;"2023-09-17 00:18:51";"2023-09-17 00:18:51";NULL;"47"
"620";NULL;"Je suis intéressé par le marketing digital et les médias sociaux.";"Multicheck";NULL;"2023-09-17 00:18:51";"2023-09-17 00:18:51";NULL;"47"
"621";NULL;"Je suis capable d'analyser des données pour optimiser des stratégies.";"Multicheck";NULL;"2023-09-17 00:18:51";"2023-09-17 00:18:51";NULL;"47"
"622";NULL;"Je suis toujours prêt à apprendre et à me former aux nouvelles techniques marketing.";"Multicheck";NULL;"2023-09-17 00:18:51";"2023-09-17 00:18:51";NULL;"47"
"623";NULL;"Je suis capable de gérer plusieurs projets en même temps.";"Multicheck";NULL;"2023-09-17 00:18:51";"2023-09-17 00:18:51";NULL;"47"
"624";NULL;"J'aime être au cœur de la conception d'une campagne de A à Z.";"Multicheck";NULL;"2023-09-17 00:18:51";"2023-09-17 00:18:51";NULL;"47"
"625";NULL;"Je suis curieux de comprendre ce qui influence les décisions d'achat des consommateurs.";"Multicheck";NULL;"2023-09-17 00:18:51";"2023-09-17 00:18:51";NULL;"47"
"626";NULL;"Je suis capable de communiquer efficacement des idées et des concepts.";"Multicheck";NULL;"2023-09-17 00:18:51";"2023-09-17 00:18:51";NULL;"47"
"627";NULL;"Je m'intéresse à la création de contenus attractifs et engageants.";"Multicheck";NULL;"2023-09-17 00:18:51";"2023-09-17 00:18:51";NULL;"47"
"628";NULL;"Je suis attiré par le monde dynamique de la publicité et des relations publiques.";"Multicheck";NULL;"2023-09-17 00:18:51";"2023-09-17 00:18:51";NULL;"47"
"629";NULL;"Je suis capable d'adapter ma stratégie en fonction des retours et des performances.";"Multicheck";NULL;"2023-09-17 00:18:51";"2023-09-17 00:18:51";NULL;"47"
"630";NULL;"Je suis préoccupé par l'éthique et la responsabilité dans le marketing.";"Multicheck";NULL;"2023-09-17 00:18:51";"2023-09-17 00:18:51";NULL;"47"
"631";NULL;"Je suis intéressé par les études de marché et les sondages.";"Multicheck";NULL;"2023-09-17 00:18:51";"2023-09-17 00:18:51";NULL;"47"
"632";NULL;"J'aime travailler avec des outils technologiques pour optimiser mes campagnes.";"Multicheck";NULL;"2023-09-17 00:18:51";"2023-09-17 00:18:51";NULL;"47"
"633";NULL;"Je suis toujours en quête d'innovation et de créativité dans mon travail.";"Multicheck";NULL;"2023-09-17 00:18:51";"2023-09-17 00:18:51";NULL;"47"
"634";NULL;"Je suis fasciné par la manière dont les machines et les systèmes fonctionnent.";"Multicheck";NULL;"2023-09-17 00:18:51";"2023-09-17 00:18:51";NULL;"48"
"635";NULL;"Je suis habile de mes mains et aime réparer ou construire des choses.";"Multicheck";NULL;"2023-09-17 00:18:51";"2023-09-17 00:18:51";NULL;"48"
"636";NULL;"Je m'intéresse à la conception et à la fabrication de produits mécaniques.";"Multicheck";NULL;"2023-09-17 00:18:51";"2023-09-17 00:18:51";NULL;"48"
"637";NULL;"Je suis capable de travailler en équipe sur des projets d'ingénierie.";"Multicheck";NULL;"2023-09-17 00:18:51";"2023-09-17 00:18:51";NULL;"48"
"638";NULL;"Je suis attiré par les défis qui nécessitent une solution technique.";"Multicheck";NULL;"2023-09-17 00:18:51";"2023-09-17 00:18:51";NULL;"48"
"639";NULL;"Je m'intéresse à l'étude des forces, des mouvements et de l'énergie.";"Multicheck";NULL;"2023-09-17 00:18:51";"2023-09-17 00:18:51";NULL;"48"
"640";NULL;"Je suis toujours prêt à apprendre de nouvelles techniques ou technologies.";"Multicheck";NULL;"2023-09-17 00:18:51";"2023-09-17 00:18:51";NULL;"48"
"641";NULL;"Je suis capable d'utiliser des outils et des équipements de manière précise.";"Multicheck";NULL;"2023-09-17 00:18:51";"2023-09-17 00:18:51";NULL;"48"
"642";NULL;"Je m'adapte rapidement aux nouvelles méthodes de travail ou aux nouvelles machines.";"Multicheck";NULL;"2023-09-17 00:18:51";"2023-09-17 00:18:51";NULL;"48"
"643";NULL;"Je suis préoccupé par la sécurité et l'efficacité dans mon travail.";"Multicheck";NULL;"2023-09-17 00:18:51";"2023-09-17 00:18:51";NULL;"48"
"644";NULL;"Je suis capable de concevoir ou d'optimiser des systèmes mécaniques.";"Multicheck";NULL;"2023-09-17 00:18:51";"2023-09-17 00:18:51";NULL;"48"
"645";NULL;"J'aime résoudre des problèmes complexes en utilisant des principes d'ingénierie.";"Multicheck";NULL;"2023-09-17 00:18:51";"2023-09-17 00:18:51";NULL;"48"
"646";NULL;"Je suis intéressé par la recherche et le développement dans le domaine mécanique.";"Multicheck";NULL;"2023-09-17 00:18:51";"2023-09-17 00:18:51";NULL;"48"
"647";NULL;"Je suis toujours en quête d'amélioration et d'optimisation des processus.";"Multicheck";NULL;"2023-09-17 00:18:51";"2023-09-17 00:18:51";NULL;"48"
"648";NULL;"Je suis capable de communiquer des idées techniques à des non-initiés.";"Multicheck";NULL;"2023-09-17 00:18:51";"2023-09-17 00:18:51";NULL;"48"
"649";NULL;"Je m'intéresse aux domaines de l'automobile, de l'aéronautique ou de la robotique.";"Multicheck";NULL;"2023-09-17 00:18:51";"2023-09-17 00:18:51";NULL;"48"
"650";NULL;"Je suis minutieux et attentif aux détails dans mon travail.";"Multicheck";NULL;"2023-09-17 00:18:51";"2023-09-17 00:18:51";NULL;"48"
"651";NULL;"Je suis capable de gérer des projets d'ingénierie de bout en bout.";"Multicheck";NULL;"2023-09-17 00:18:51";"2023-09-17 00:18:51";NULL;"48"
"652";NULL;"Je suis intéressé par la formation continue et la mise à jour de mes compétences.";"Multicheck";NULL;"2023-09-17 00:18:51";"2023-09-17 00:18:51";NULL;"48"
"653";NULL;"Je suis toujours prêt à relever de nouveaux défis techniques.";"Multicheck";NULL;"2023-09-17 00:18:51";"2023-09-17 00:18:51";NULL;"48"
"654";NULL;"La mode et les tendances m'attirent énormément.";"Multicheck";NULL;"2023-09-17 00:18:51";"2023-09-17 00:18:51";NULL;"49"
"655";NULL;"Je suis toujours à l'affût des dernières tendances et styles.";"Multicheck";NULL;"2023-09-17 00:18:51";"2023-09-17 00:18:51";NULL;"49"
"656";NULL;"Je suis créatif et j'aime exprimer ma personnalité à travers mes vêtements.";"Multicheck";NULL;"2023-09-17 00:18:51";"2023-09-17 00:18:51";NULL;"49"
"657";NULL;"Je m'intéresse à la conception et à la fabrication de vêtements.";"Multicheck";NULL;"2023-09-17 00:18:51";"2023-09-17 00:18:51";NULL;"49"
"658";NULL;"Je suis attiré par le monde des défilés, des magazines et des créateurs.";"Multicheck";NULL;"2023-09-17 00:18:51";"2023-09-17 00:18:51";NULL;"49"
"659";NULL;"Je suis capable de travailler en équipe pour créer une collection.";"Multicheck";NULL;"2023-09-17 00:18:51";"2023-09-17 00:18:51";NULL;"49"
"660";NULL;"Je m'intéresse à l'histoire de la mode et à son évolution.";"Multicheck";NULL;"2023-09-17 00:18:51";"2023-09-17 00:18:51";NULL;"49"
"661";NULL;"Je suis capable de comprendre les besoins et les désirs des consommateurs en matière de mode.";"Multicheck";NULL;"2023-09-17 00:18:51";"2023-09-17 00:18:51";NULL;"49"
"662";NULL;"Je m'adapte rapidement aux changements et aux évolutions du marché.";"Multicheck";NULL;"2023-09-17 00:18:51";"2023-09-17 00:18:51";NULL;"49"
"663";NULL;"Je suis préoccupé par les enjeux éthiques et environnementaux de l'industrie de la mode.";"Multicheck";NULL;"2023-09-17 00:18:51";"2023-09-17 00:18:51";NULL;"49"
"664";NULL;"Je suis capable de gérer plusieurs projets en même temps.";"Multicheck";NULL;"2023-09-17 00:18:51";"2023-09-17 00:18:51";NULL;"49"
"665";NULL;"J'aime être au cœur du processus créatif, de la conception à la vente.";"Multicheck";NULL;"2023-09-17 00:18:51";"2023-09-17 00:18:51";NULL;"49"
"666";NULL;"Je suis curieux de comprendre les influences culturelles sur la mode.";"Multicheck";NULL;"2023-09-17 00:18:51";"2023-09-17 00:18:51";NULL;"49"
"667";NULL;"Je suis capable de communiquer efficacement des concepts et des idées.";"Multicheck";NULL;"2023-09-17 00:18:51";"2023-09-17 00:18:51";NULL;"49"
"668";NULL;"Je suis intéressé par la recherche de nouveaux matériaux ou techniques de fabrication.";"Multicheck";NULL;"2023-09-17 00:18:51";"2023-09-17 00:18:51";NULL;"49"
"669";NULL;"Je suis toujours en quête d'innovation et d'originalité dans mon travail.";"Multicheck";NULL;"2023-09-17 00:18:51";"2023-09-17 00:18:51";NULL;"49"
"670";NULL;"Je suis capable de comprendre et d'anticiper les évolutions du marché.";"Multicheck";NULL;"2023-09-17 00:18:51";"2023-09-17 00:18:51";NULL;"49"
"671";NULL;"Je suis intéressé par les collaborations entre créateurs et marques.";"Multicheck";NULL;"2023-09-17 00:18:51";"2023-09-17 00:18:51";NULL;"49"
"672";NULL;"Je m'efforce toujours d'améliorer et d'optimiser mon travail.";"Multicheck";NULL;"2023-09-17 00:18:51";"2023-09-17 00:18:51";NULL;"49"
"673";NULL;"Je suis toujours prêt à apprendre et à me former aux nouvelles techniques ou tendances.";"Multicheck";NULL;"2023-09-17 00:18:51";"2023-09-17 00:18:51";NULL;"49"
"674";NULL;"Je suis passionné par la création et la fabrication de produits.";"Multicheck";NULL;"2023-09-17 00:18:51";"2023-09-17 00:18:51";NULL;"50"
"675";NULL;"Je m'intéresse à l'optimisation des processus de production.";"Multicheck";NULL;"2023-09-17 00:18:51";"2023-09-17 00:18:51";NULL;"50"
"676";NULL;"Je suis capable de travailler en équipe pour atteindre des objectifs de production.";"Multicheck";NULL;"2023-09-17 00:18:51";"2023-09-17 00:18:51";NULL;"50"
"677";NULL;"Je suis attentif aux détails et à la qualité du travail.";"Multicheck";NULL;"2023-09-17 00:18:51";"2023-09-17 00:18:51";NULL;"50"
"678";NULL;"Je m'intéresse à la recherche de solutions pour améliorer l'efficacité de la production.";"Multicheck";NULL;"2023-09-17 00:18:51";"2023-09-17 00:18:51";NULL;"50"
"679";NULL;"Je suis capable d'utiliser des machines et des équipements spécialisés.";"Multicheck";NULL;"2023-09-17 00:18:51";"2023-09-17 00:18:51";NULL;"50"
"680";NULL;"Je m'adapte rapidement aux nouvelles méthodes ou technologies de production.";"Multicheck";NULL;"2023-09-17 00:18:51";"2023-09-17 00:18:51";NULL;"50"
"681";NULL;"Je suis préoccupé par la sécurité et le bien-être des travailleurs.";"Multicheck";NULL;"2023-09-17 00:18:51";"2023-09-17 00:18:51";NULL;"50"
"682";NULL;"Je suis capable de planifier et de gérer des projets de production.";"Multicheck";NULL;"2023-09-17 00:18:51";"2023-09-17 00:18:51";NULL;"50"
"683";NULL;"Je suis toujours en quête d'innovation pour améliorer les méthodes de travail.";"Multicheck";NULL;"2023-09-17 00:18:51";"2023-09-17 00:18:51";NULL;"50"
"684";NULL;"Je suis capable de comprendre les besoins du marché et d'adapter la production en conséquence.";"Multicheck";NULL;"2023-09-17 00:18:51";"2023-09-17 00:18:51";NULL;"50"
"685";NULL;"Je m'intéresse à la formation continue pour améliorer mes compétences.";"Multicheck";NULL;"2023-09-17 00:18:51";"2023-09-17 00:18:51";NULL;"50"
"686";NULL;"Je suis intéressé par la recherche de nouveaux matériaux ou techniques de production.";"Multicheck";NULL;"2023-09-17 00:18:51";"2023-09-17 00:18:51";NULL;"50"
"687";NULL;"Je suis toujours prêt à relever de nouveaux défis dans le domaine de la production.";"Multicheck";NULL;"2023-09-17 00:18:51";"2023-09-17 00:18:51";NULL;"50"
"688";NULL;"Je suis capable de gérer le stress et les imprévus.";"Multicheck";NULL;"2023-09-17 00:18:51";"2023-09-17 00:18:51";NULL;"50"
"689";NULL;"Je m'intéresse à l'étude des marchés et à l'analyse de la demande.";"Multicheck";NULL;"2023-09-17 00:18:51";"2023-09-17 00:18:51";NULL;"50"
"690";NULL;"Je suis attentif à la gestion des ressources et à la réduction des coûts.";"Multicheck";NULL;"2023-09-17 00:18:51";"2023-09-17 00:18:51";NULL;"50"
"691";NULL;"Je suis préoccupé par les enjeux environnementaux de la production.";"Multicheck";NULL;"2023-09-17 00:18:51";"2023-09-17 00:18:51";NULL;"50"
"692";NULL;"Je suis capable de communiquer efficacement avec différents départements ou équipes.";"Multicheck";NULL;"2023-09-17 00:18:51";"2023-09-17 00:18:51";NULL;"50"
"693";NULL;"Je suis toujours motivé par l'amélioration continue et l'excellence opérationnelle.";"Multicheck";NULL;"2023-09-17 00:18:51";"2023-09-17 00:18:51";NULL;"50"
"694";NULL;"Je suis souvent la personne qui repère les erreurs ou les problèmes dans un groupe.";"Multicheck";NULL;"2023-09-17 00:18:51";"2023-09-17 00:18:51";NULL;"51"
"695";NULL;"J'aime suivre des règles et des procédures.";"Multicheck";NULL;"2023-09-17 00:18:51";"2023-09-17 00:18:51";NULL;"51"
"696";NULL;"La sécurité est une de mes priorités principales.";"Multicheck";NULL;"2023-09-17 00:18:51";"2023-09-17 00:18:51";NULL;"51"
"697";NULL;"Je suis souvent préoccupé par la qualité de mon travail et je vérifie plusieurs fois pour éviter les erreurs.";"Multicheck";NULL;"2023-09-17 00:18:51";"2023-09-17 00:18:51";NULL;"51"
"698";NULL;"Je m'interroge toujours sur la manière d'améliorer les choses autour de moi.";"Multicheck";NULL;"2023-09-17 00:18:51";"2023-09-17 00:18:51";NULL;"51"
"699";NULL;"La perfection est importante pour moi.";"Multicheck";NULL;"2023-09-17 00:18:51";"2023-09-17 00:18:51";NULL;"51"
"700";NULL;"Je préférerais passer plus de temps pour m'assurer que tout est fait correctement.";"Multicheck";NULL;"2023-09-17 00:18:51";"2023-09-17 00:18:51";NULL;"51"
"701";NULL;"Les normes et les réglementations m'intéressent.";"Multicheck";NULL;"2023-09-17 00:18:51";"2023-09-17 00:18:51";NULL;"51"
"702";NULL;"J'aime lorsque tout est organisé et en ordre.";"Multicheck";NULL;"2023-09-17 00:18:51";"2023-09-17 00:18:51";NULL;"51"
"703";NULL;"Je me soucie de la sécurité des personnes autour de moi.";"Multicheck";NULL;"2023-09-17 00:18:51";"2023-09-17 00:18:51";NULL;"51"
"704";NULL;"Je suis intéressé par les méthodes pour tester et assurer la qualité d'un produit ou d'un service.";"Multicheck";NULL;"2023-09-17 00:18:51";"2023-09-17 00:18:51";NULL;"51"
"705";NULL;"La responsabilité de garantir que tout est à sa place m'attire.";"Multicheck";NULL;"2023-09-17 00:18:51";"2023-09-17 00:18:51";NULL;"51"
"706";NULL;"Je suis curieux de savoir comment les produits sont testés pour leur qualité.";"Multicheck";NULL;"2023-09-17 00:18:51";"2023-09-17 00:18:51";NULL;"51"
"707";NULL;"Je veux être celui qui fixe les normes pour les autres.";"Multicheck";NULL;"2023-09-17 00:18:51";"2023-09-17 00:18:51";NULL;"51"
"708";NULL;"Je m'efforce toujours d'atteindre la meilleure qualité possible dans ce que je fais.";"Multicheck";NULL;"2023-09-17 00:18:51";"2023-09-17 00:18:51";NULL;"51"
"709";NULL;"Je suis souvent celui qui donne des conseils sur la sécurité ou la qualité aux autres.";"Multicheck";NULL;"2023-09-17 00:18:51";"2023-09-17 00:18:51";NULL;"51"
"710";NULL;"Les gens viennent souvent vers moi pour vérifier et assurer la qualité de quelque chose.";"Multicheck";NULL;"2023-09-17 00:18:51";"2023-09-17 00:18:51";NULL;"51"
"711";NULL;"J'aime lire et suivre les instructions à la lettre.";"Multicheck";NULL;"2023-09-17 00:18:51";"2023-09-17 00:18:51";NULL;"51"
"712";NULL;"Je suis bon pour établir des systèmes ou des routines.";"Multicheck";NULL;"2023-09-17 00:18:51";"2023-09-17 00:18:51";NULL;"51"
"713";NULL;"La possibilité d'assurer la sécurité et le bien-être des autres m'attire.";"Multicheck";NULL;"2023-09-17 00:18:51";"2023-09-17 00:18:51";NULL;"51"
"714";NULL;"La résolution de problèmes complexes me passionne.";"Multicheck";NULL;"2023-09-17 00:18:51";"2023-09-17 00:18:51";NULL;"52"
"715";NULL;"Je suis curieux et j'aime explorer de nouvelles idées ou concepts.";"Multicheck";NULL;"2023-09-17 00:18:51";"2023-09-17 00:18:51";NULL;"52"
"716";NULL;"Je suis constamment à la recherche de moyens d'améliorer les choses existantes.";"Multicheck";NULL;"2023-09-17 00:18:51";"2023-09-17 00:18:51";NULL;"52"
"717";NULL;"Je m'intéresse à la découverte et à l'innovation dans divers domaines de la science ou de la technologie.";"Multicheck";NULL;"2023-09-17 00:18:51";"2023-09-17 00:18:51";NULL;"52"
"718";NULL;"La collaboration avec d'autres pour développer de nouvelles solutions m'excite.";"Multicheck";NULL;"2023-09-17 00:18:51";"2023-09-17 00:18:51";NULL;"52"
"719";NULL;"Je suis prêt à investir beaucoup de temps dans des projets de recherche à long terme.";"Multicheck";NULL;"2023-09-17 00:18:51";"2023-09-17 00:18:51";NULL;"52"
"720";NULL;"L'idée de breveter ou de commercialiser une invention m'attire.";"Multicheck";NULL;"2023-09-17 00:18:51";"2023-09-17 00:18:51";NULL;"52"
"721";NULL;"Je suis motivé par l'opportunité de contribuer à des avancées qui peuvent changer le monde.";"Multicheck";NULL;"2023-09-17 00:18:51";"2023-09-17 00:18:51";NULL;"52"
"722";NULL;"J'aime lire des publications scientifiques et rester à jour sur les dernières découvertes.";"Multicheck";NULL;"2023-09-17 00:18:51";"2023-09-17 00:18:51";NULL;"52"
"723";NULL;"Je suis intéressé par la conception et la réalisation d'expériences ou d'études.";"Multicheck";NULL;"2023-09-17 00:18:51";"2023-09-17 00:18:51";NULL;"52"
"724";NULL;"La collecte et l'analyse de données pour tirer des conclusions m'intéressent.";"Multicheck";NULL;"2023-09-17 00:18:51";"2023-09-17 00:18:51";NULL;"52"
"725";NULL;"Je suis attiré par la possibilité de travailler dans des laboratoires de pointe.";"Multicheck";NULL;"2023-09-17 00:18:51";"2023-09-17 00:18:51";NULL;"52"
"726";NULL;"Je suis passionné par la recherche fondamentale qui explore les questions fondamentales de la science.";"Multicheck";NULL;"2023-09-17 00:18:51";"2023-09-17 00:18:51";NULL;"52"
"727";NULL;"Je suis motivé par la recherche appliquée qui vise à résoudre des problèmes pratiques.";"Multicheck";NULL;"2023-09-17 00:18:51";"2023-09-17 00:18:51";NULL;"52"
"728";NULL;"J'aime l'idée de rédiger et de publier mes découvertes pour la communauté scientifique.";"Multicheck";NULL;"2023-09-17 00:18:51";"2023-09-17 00:18:51";NULL;"52"
"729";NULL;"Je veux travailler dans un environnement où l'apprentissage continu est encouragé.";"Multicheck";NULL;"2023-09-17 00:18:51";"2023-09-17 00:18:51";NULL;"52"
"730";NULL;"Je suis intéressé par la collaboration avec des chercheurs internationaux.";"Multicheck";NULL;"2023-09-17 00:18:51";"2023-09-17 00:18:51";NULL;"52"
"731";NULL;"La possibilité d'obtenir des subventions ou des financements pour ma recherche m'excite.";"Multicheck";NULL;"2023-09-17 00:18:51";"2023-09-17 00:18:51";NULL;"52"
"732";NULL;"Je suis passionné par la découverte de solutions innovantes aux défis mondiaux actuels.";"Multicheck";NULL;"2023-09-17 00:18:51";"2023-09-17 00:18:51";NULL;"52"
"733";NULL;"Je suis attiré par le défi intellectuel que représente la recherche.";"Multicheck";NULL;"2023-09-17 00:18:51";"2023-09-17 00:18:51";NULL;"52"
"734";NULL;"J'aime configurer des appareils électroniques chez moi.";"Multicheck";NULL;"2023-09-17 00:18:51";"2023-09-17 00:18:51";NULL;"53"
"735";NULL;"La vitesse et la stabilité d'une connexion Internet sont très importantes pour moi.";"Multicheck";NULL;"2023-09-17 00:18:51";"2023-09-17 00:18:51";NULL;"53"
"736";NULL;"Les termes 'bande passante' ou 'latence' m'intéressent.";"Multicheck";NULL;"2023-09-17 00:18:51";"2023-09-17 00:18:51";NULL;"53"
"737";NULL;"J'aimerais travailler dans un environnement où la technologie de communication est centrale.";"Multicheck";NULL;"2023-09-17 00:18:51";"2023-09-17 00:18:51";NULL;"53"
"738";NULL;"Je suis fasciné par le fonctionnement des réseaux sans fil.";"Multicheck";NULL;"2023-09-17 00:18:51";"2023-09-17 00:18:51";NULL;"53"
"739";NULL;"Je suis toujours curieux de savoir comment les données sont transmises d'un point à un autre.";"Multicheck";NULL;"2023-09-17 00:18:51";"2023-09-17 00:18:51";NULL;"53"
"740";NULL;"J'aimerais aider les entreprises à rester connectées en optimisant leurs réseaux.";"Multicheck";NULL;"2023-09-17 00:18:51";"2023-09-17 00:18:51";NULL;"53"
"741";NULL;"Les grands réseaux et la manière dont ils sont sécurisés m'intéressent.";"Multicheck";NULL;"2023-09-17 00:18:51";"2023-09-17 00:18:51";NULL;"53"
"742";NULL;"J'apprécie résoudre les problèmes liés aux interruptions de réseau.";"Multicheck";NULL;"2023-09-17 00:18:51";"2023-09-17 00:18:51";NULL;"53"
"743";NULL;"J'aime l'idée de concevoir et de mettre en œuvre des solutions réseau pour diverses organisations.";"Multicheck";NULL;"2023-09-17 00:18:51";"2023-09-17 00:18:51";NULL;"53"
"744";NULL;"Je me tiens toujours au courant des dernières tendances en matière de technologie de réseau.";"Multicheck";NULL;"2023-09-17 00:18:51";"2023-09-17 00:18:51";NULL;"53"
"745";NULL;"La cyber-sécurité et la protection des données sont des domaines qui m'intéressent.";"Multicheck";NULL;"2023-09-17 00:18:51";"2023-09-17 00:18:51";NULL;"53"
"746";NULL;"Je suis motivé à apprendre et à obtenir des certifications liées aux réseaux.";"Multicheck";NULL;"2023-09-17 00:18:51";"2023-09-17 00:18:51";NULL;"53"
"747";NULL;"Le dépannage des problèmes de réseau me semble être un défi intéressant.";"Multicheck";NULL;"2023-09-17 00:18:51";"2023-09-17 00:18:51";NULL;"53"
"748";NULL;"Je suis curieux de savoir comment fonctionne l'infrastructure Internet à grande échelle.";"Multicheck";NULL;"2023-09-17 00:18:51";"2023-09-17 00:18:51";NULL;"53"
"749";NULL;"J'aimerais travailler en collaboration avec des équipes pour assurer la continuité des services réseau.";"Multicheck";NULL;"2023-09-17 00:18:51";"2023-09-17 00:18:51";NULL;"53"
"750";NULL;"Je trouve passionnant de comprendre les protocoles de communication entre les appareils.";"Multicheck";NULL;"2023-09-17 00:18:51";"2023-09-17 00:18:51";NULL;"53"
"751";NULL;"Configurer un routeur ou un commutateur semble être une tâche intéressante pour moi.";"Multicheck";NULL;"2023-09-17 00:18:51";"2023-09-17 00:18:51";NULL;"53"
"752";NULL;"Je suis attiré par l'opportunité d'améliorer la qualité des services de télécommunication.";"Multicheck";NULL;"2023-09-17 00:18:51";"2023-09-17 00:18:51";NULL;"53"
"753";NULL;"Je suis enthousiasmé par l'idée de travailler sur des projets de modernisation des infrastructures réseau.";"Multicheck";NULL;"2023-09-17 00:18:51";"2023-09-17 00:18:51";NULL;"53"
"754";NULL;"J'aime aider les gens à trouver leur chemin professionnel.";"Multicheck";NULL;"2023-09-17 00:18:51";"2023-09-17 00:18:51";NULL;"54"
"755";NULL;"Je trouve satisfaisant de résoudre les conflits au travail.";"Multicheck";NULL;"2023-09-17 00:18:51";"2023-09-17 00:18:51";NULL;"54"
"756";NULL;"Les entretiens d'embauche et la sélection des candidats m'intéressent.";"Multicheck";NULL;"2023-09-17 00:18:51";"2023-09-17 00:18:51";NULL;"54"
"757";NULL;"Je suis bon à reconnaître les talents et à les mettre au bon endroit.";"Multicheck";NULL;"2023-09-17 00:18:51";"2023-09-17 00:18:51";NULL;"54"
"758";NULL;"Je crois que le bien-être des employés est essentiel à la réussite de l'entreprise.";"Multicheck";NULL;"2023-09-17 00:18:51";"2023-09-17 00:18:51";NULL;"54"
"759";NULL;"Je suis intéressé par la formation et le développement professionnel des employés.";"Multicheck";NULL;"2023-09-17 00:18:51";"2023-09-17 00:18:51";NULL;"54"
"760";NULL;"Je trouve gratifiant d'aider les employés à grandir et à progresser.";"Multicheck";NULL;"2023-09-17 00:18:51";"2023-09-17 00:18:51";NULL;"54"
"761";NULL;"La gestion des performances et l'évaluation des employés sont des domaines qui m'intéressent.";"Multicheck";NULL;"2023-09-17 00:18:51";"2023-09-17 00:18:51";NULL;"54"
"762";NULL;"Je suis attiré par l'idée de créer une culture d'entreprise positive.";"Multicheck";NULL;"2023-09-17 00:18:51";"2023-09-17 00:18:51";NULL;"54"
"763";NULL;"Je veux aider les entreprises à être des lieux de travail éthiques et équitables.";"Multicheck";NULL;"2023-09-17 00:18:51";"2023-09-17 00:18:51";NULL;"54"
"764";NULL;"Je crois à la mise en place de politiques qui favorisent la diversité et l'inclusion.";"Multicheck";NULL;"2023-09-17 00:18:51";"2023-09-17 00:18:51";NULL;"54"
"765";NULL;"Je suis motivé par l'idée de développer des stratégies pour retenir les meilleurs talents.";"Multicheck";NULL;"2023-09-17 00:18:51";"2023-09-17 00:18:51";NULL;"54"
"766";NULL;"J'aime travailler en étroite collaboration avec les gestionnaires pour comprendre leurs besoins en matière de personnel.";"Multicheck";NULL;"2023-09-17 00:18:51";"2023-09-17 00:18:51";NULL;"54"
"767";NULL;"Je suis intéressé par les défis liés à la gestion des changements organisationnels.";"Multicheck";NULL;"2023-09-17 00:18:51";"2023-09-17 00:18:51";NULL;"54"
"768";NULL;"Je veux être un acteur clé dans la définition de la vision et des valeurs d'une entreprise.";"Multicheck";NULL;"2023-09-17 00:18:51";"2023-09-17 00:18:51";NULL;"54"
"769";NULL;"Je suis attiré par le rôle de conseil que jouent les RH auprès des dirigeants d'entreprise.";"Multicheck";NULL;"2023-09-17 00:18:51";"2023-09-17 00:18:51";NULL;"54"
"770";NULL;"Je veux contribuer à façonner l'avenir du travail et les tendances en matière de ressources humaines.";"Multicheck";NULL;"2023-09-17 00:18:51";"2023-09-17 00:18:51";NULL;"54"
"771";NULL;"Je m'intéresse aux différentes réglementations et lois du travail.";"Multicheck";NULL;"2023-09-17 00:18:51";"2023-09-17 00:18:51";NULL;"54"
"772";NULL;"J'aimerais aider les entreprises à élaborer des politiques favorables aux employés.";"Multicheck";NULL;"2023-09-17 00:18:51";"2023-09-17 00:18:51";NULL;"54"
"773";NULL;"Je suis enthousiasmé par l'idée d'introduire des innovations dans la fonction RH.";"Multicheck";NULL;"2023-09-17 00:18:51";"2023-09-17 00:18:51";NULL;"54"
"774";NULL;"La santé et le bien-être des autres sont essentiels pour moi.";"Multicheck";NULL;"2023-09-17 00:18:51";"2023-09-17 00:18:51";NULL;"55"
"775";NULL;"Je suis fasciné par le fonctionnement du corps humain.";"Multicheck";NULL;"2023-09-17 00:18:51";"2023-09-17 00:18:51";NULL;"55"
"776";NULL;"Je m'intéresse à la recherche et à la découverte de nouveaux traitements médicaux.";"Multicheck";NULL;"2023-09-17 00:18:51";"2023-09-17 00:18:51";NULL;"55"
"777";NULL;"J'aimerais travailler dans un environnement où je peux aider directement les gens.";"Multicheck";NULL;"2023-09-17 00:18:51";"2023-09-17 00:18:51";NULL;"55"
"778";NULL;"Je suis attiré par la possibilité d'apprendre constamment de nouvelles choses dans le domaine médical.";"Multicheck";NULL;"2023-09-17 00:18:51";"2023-09-17 00:18:51";NULL;"55"
"779";NULL;"J'ai la patience et l'empathie nécessaires pour écouter et aider les patients.";"Multicheck";NULL;"2023-09-17 00:18:51";"2023-09-17 00:18:51";NULL;"55"
"780";NULL;"Je suis prêt à travailler dans des situations stressantes ou d'urgence.";"Multicheck";NULL;"2023-09-17 00:18:51";"2023-09-17 00:18:51";NULL;"55"
"781";NULL;"La collaboration avec d'autres professionnels de la santé m'attire.";"Multicheck";NULL;"2023-09-17 00:18:51";"2023-09-17 00:18:51";NULL;"55"
"782";NULL;"Je veux contribuer à améliorer la qualité des soins de santé dans ma communauté.";"Multicheck";NULL;"2023-09-17 00:18:51";"2023-09-17 00:18:51";NULL;"55"
"783";NULL;"Je suis intéressé par les avancées technologiques dans le domaine de la médecine.";"Multicheck";NULL;"2023-09-17 00:18:51";"2023-09-17 00:18:51";NULL;"55"
"784";NULL;"Je suis motivé à suivre une formation continue pour rester à jour dans mon domaine.";"Multicheck";NULL;"2023-09-17 00:18:51";"2023-09-17 00:18:51";NULL;"55"
"785";NULL;"Je suis curieux des méthodes alternatives ou complémentaires de traitement.";"Multicheck";NULL;"2023-09-17 00:18:51";"2023-09-17 00:18:51";NULL;"55"
"786";NULL;"J'ai une bonne dextérité manuelle pour effectuer des procédures médicales.";"Multicheck";NULL;"2023-09-17 00:18:51";"2023-09-17 00:18:51";NULL;"55"
"787";NULL;"J'aime l'idée d'enseigner ou de former la prochaine génération de professionnels de la santé.";"Multicheck";NULL;"2023-09-17 00:18:51";"2023-09-17 00:18:51";NULL;"55"
"788";NULL;"Je suis intéressé par la recherche clinique et les essais.";"Multicheck";NULL;"2023-09-17 00:18:51";"2023-09-17 00:18:51";NULL;"55"
"789";NULL;"Je crois à la promotion d'un mode de vie sain et à la prévention des maladies.";"Multicheck";NULL;"2023-09-17 00:18:51";"2023-09-17 00:18:51";NULL;"55"
"790";NULL;"Je veux faire partie d'équipes interdisciplinaires pour offrir des soins complets aux patients.";"Multicheck";NULL;"2023-09-17 00:18:51";"2023-09-17 00:18:51";NULL;"55"
"791";NULL;"La résolution de cas médicaux complexes m'intéresse.";"Multicheck";NULL;"2023-09-17 00:18:51";"2023-09-17 00:18:51";NULL;"55"
"792";NULL;"Je suis passionné par la découverte et l'application de nouvelles technologies médicales.";"Multicheck";NULL;"2023-09-17 00:18:51";"2023-09-17 00:18:51";NULL;"55"
"793";NULL;"Je suis attiré par l'opportunité de travailler dans diverses spécialités médicales.";"Multicheck";NULL;"2023-09-17 00:18:51";"2023-09-17 00:18:51";NULL;"55"
"794";NULL;"J'aime être actif et bouger régulièrement.";"Multicheck";NULL;"2023-09-17 00:18:51";"2023-09-17 00:18:51";NULL;"56"
"795";NULL;"Je suis passionné par un ou plusieurs sports en particulier.";"Multicheck";NULL;"2023-09-17 00:18:51";"2023-09-17 00:18:51";NULL;"56"
"796";NULL;"J'aime l'idée d'entraîner ou de guider d'autres personnes dans leur parcours sportif.";"Multicheck";NULL;"2023-09-17 00:18:51";"2023-09-17 00:18:51";NULL;"56"
"797";NULL;"Je suis motivé par le défi physique et mental que représente le sport.";"Multicheck";NULL;"2023-09-17 00:18:51";"2023-09-17 00:18:51";NULL;"56"
"798";NULL;"J'aimerais travailler dans un environnement où l'esprit d'équipe est valorisé.";"Multicheck";NULL;"2023-09-17 00:18:51";"2023-09-17 00:18:51";NULL;"56"
"799";NULL;"Je m'intéresse à la science derrière la performance athlétique.";"Multicheck";NULL;"2023-09-17 00:18:51";"2023-09-17 00:18:51";NULL;"56"
"800";NULL;"J'aimerais aider les athlètes à atteindre leur potentiel maximal.";"Multicheck";NULL;"2023-09-17 00:18:51";"2023-09-17 00:18:51";NULL;"56"
"801";NULL;"La stratégie et la tactique dans le sport m'attirent.";"Multicheck";NULL;"2023-09-17 00:18:51";"2023-09-17 00:18:51";NULL;"56"
"802";NULL;"Je suis intéressé par la gestion et l'organisation d'événements sportifs.";"Multicheck";NULL;"2023-09-17 00:18:51";"2023-09-17 00:18:51";NULL;"56"
"803";NULL;"Je crois à l'importance du sport pour la santé physique et mentale.";"Multicheck";NULL;"2023-09-17 00:18:51";"2023-09-17 00:18:51";NULL;"56"
"804";NULL;"Je suis motivé à apprendre et à appliquer les meilleures pratiques en matière d'entraînement sportif.";"Multicheck";NULL;"2023-09-17 00:18:51";"2023-09-17 00:18:51";NULL;"56"
"805";NULL;"J'aime l'idée de travailler avec des athlètes de haut niveau.";"Multicheck";NULL;"2023-09-17 00:18:51";"2023-09-17 00:18:51";NULL;"56"
"806";NULL;"Je suis attiré par la possibilité d'étudier et d'appliquer la biomécanique.";"Multicheck";NULL;"2023-09-17 00:18:51";"2023-09-17 00:18:51";NULL;"56"
"807";NULL;"Je suis passionné par l'analyse de données pour améliorer la performance sportive.";"Multicheck";NULL;"2023-09-17 00:18:51";"2023-09-17 00:18:51";NULL;"56"
"808";NULL;"Je m'intéresse à la nutrition et à son rôle dans le sport.";"Multicheck";NULL;"2023-09-17 00:18:51";"2023-09-17 00:18:51";NULL;"56"
"809";NULL;"J'aimerais contribuer à la promotion de l'activité physique dans ma communauté.";"Multicheck";NULL;"2023-09-17 00:18:51";"2023-09-17 00:18:51";NULL;"56"
"810";NULL;"Je suis enthousiasmé par l'idée de développer de nouveaux équipements ou technologies pour le sport.";"Multicheck";NULL;"2023-09-17 00:18:51";"2023-09-17 00:18:51";NULL;"56"
"811";NULL;"Je veux aider à prévenir et à traiter les blessures sportives.";"Multicheck";NULL;"2023-09-17 00:18:51";"2023-09-17 00:18:51";NULL;"56"
"812";NULL;"Je suis attiré par l'opportunité d'interagir avec des fans ou des supporters.";"Multicheck";NULL;"2023-09-17 00:18:51";"2023-09-17 00:18:51";NULL;"56"
"813";NULL;"Je suis motivé par l'impact social positif que peut avoir le sport.";"Multicheck";NULL;"2023-09-17 00:18:51";"2023-09-17 00:18:51";NULL;"56"
